input_index,input_name,raw_value,scaler_mean,scaler_scale,z,svm_weight,contribution_wz
0,frames_used,65.0,102.29419708251953,20.94945526123047,-1.7801989316940308,0.20836398005485535,-0.3709293305873871
1,feat_0,0.006891338620334864,0.005714509170502424,0.0036794766783714294,0.3198360800743103,1.5161610841751099,0.48492300510406494
2,feat_1,0.012438965030014515,0.007690025959163904,0.005094900261610746,0.9320966005325317,2.4455606937408447,2.279498815536499
3,feat_2,0.015646597370505333,0.011848525144159794,0.0042815743945539,0.8870737552642822,-1.212802529335022,-1.0758452415466309
4,feat_3,0.019716233015060425,0.014703906141221523,0.004726372193545103,1.0605019330978394,0.8719220161437988,0.9246749877929688
5,feat_4,0.019855204969644547,0.014120897278189659,0.005168598610907793,1.109451174736023,-1.9283483028411865,-2.1394083499908447
6,feat_5,0.04034048318862915,0.03260890394449234,0.011775192804634571,0.6565989255905151,2.7442119121551514,1.8018466234207153
7,feat_6,0.060744065791368484,0.0497007817029953,0.012745419517159462,0.8664512038230896,1.1415541172027588,0.9891009330749512
8,feat_7,0.13410738110542297,0.1126815676689148,0.027192141860723495,0.7879413962364197,-0.04583985358476639,-0.036119118332862854
9,feat_8,0.2554415166378021,0.18769793212413788,0.05211954191327095,1.2997732162475586,-1.3521735668182373,-1.757519006729126
10,feat_9,0.1218036338686943,0.1762034147977829,0.0410395972430706,-1.325543761253357,0.32348647713661194,-0.4287954866886139
11,feat_10,0.047487229108810425,0.05607038736343384,0.011166660115122795,-0.768641471862793,-0.07549342513084412,0.05802737921476364
12,feat_11,0.046535082161426544,0.06420926749706268,0.01994296722114086,-0.8862364888191223,0.5989360809326172,-0.5307990312576294
13,feat_12,0.024143630638718605,0.028137382119894028,0.00913818646222353,-0.4370398223400116,-5.658279895782471,2.472893714904785
14,feat_13,0.019093675538897514,0.020483607426285744,0.005479815416038036,-0.25364574790000916,0.7027599215507507,-0.17825207114219666
15,feat_14,0.01792837306857109,0.017451250925660133,0.005388519261032343,0.08854420483112335,1.4991565942764282,0.13274163007736206
16,feat_15,0.020322829484939575,0.01060519739985466,0.004678318277001381,2.0771634578704834,-1.3487335443496704,-2.8015401363372803
17,feat_16,0.05186016485095024,0.13602948188781738,0.10391916334629059,-0.8099498748779297,0.0311242938041687,-0.02520911768078804
18,feat_17,0.08564358949661255,0.05404295399785042,0.024970095604658127,1.2655391693115234,1.455169916152954,1.8415745496749878
19,feat_18,0.008975923992693424,0.005558736622333527,0.003779144026339054,0.9042226076126099,0.9068974256515503,0.8200371265411377
20,feat_19,0.013076547533273697,0.0071538593620061874,0.003979715518653393,1.4882190227508545,0.4127100706100464,0.6142029762268066
21,feat_20,0.01704946719110012,0.0114072784781456,0.003843962913379073,1.4678051471710205,-2.2443594932556152,-3.2942824363708496
22,feat_21,0.020880596712231636,0.014670541509985924,0.004319480620324612,1.4376856088638306,0.6287730932235718,0.9039780497550964
23,feat_22,0.020366962999105453,0.014385493472218513,0.005148088093847036,1.161881685256958,-0.964259922504425,-1.1203559637069702
24,feat_23,0.038401443511247635,0.03351294621825218,0.012149296700954437,0.4023687541484833,4.1988301277160645,1.6894780397415161
25,feat_24,0.0599214993417263,0.05063244700431824,0.01172676682472229,0.7921239137649536,0.39723461866378784,0.3146590292453766
26,feat_25,0.13686804473400116,0.11290515214204788,0.026749685406684875,0.8958196043968201,-0.9145110845565796,-0.8192369341850281
27,feat_26,0.23046593368053436,0.18557260930538177,0.05273403227329254,0.851315975189209,-0.7169986367225647,-0.6103923916816711
28,feat_27,0.14275559782981873,0.17482857406139374,0.03758208453655243,-0.8534113168716431,-0.21019649505615234,0.17938406765460968
29,feat_28,0.05188457667827606,0.056514669209718704,0.010679916478693485,-0.4335326552391052,1.5423156023025513,-0.6686441898345947
30,feat_29,0.04938871040940285,0.06584204733371735,0.020235193893313408,-0.8131049871444702,-1.1225837469100952,0.9127784371376038
31,feat_30,0.02884051948785782,0.028641795739531517,0.010313163511455059,0.0192689411342144,-3.46498441696167,-0.06676658242940903
32,feat_31,0.021397048607468605,0.020381391048431396,0.005068329628556967,0.2003929615020752,-0.10440348833799362,-0.020921723917126656
33,feat_32,0.018182842060923576,0.01774158701300621,0.004919031634926796,0.08970364183187485,1.077288031578064,0.09663666039705276
34,feat_33,0.014731070026755333,0.010791993699967861,0.004528453573584557,0.869850218296051,-0.509003758430481,-0.4427570402622223
35,feat_34,0.04692758247256279,0.13654790818691254,0.1053878664970398,-0.8503856062889099,0.5706021785736084,-0.485231876373291
36,feat_35,0.07988563179969788,0.05291097238659859,0.02170238271355629,1.2429354190826416,-0.014469357207417488,-0.017984475940465927
37,feat_36,0.009371244348585606,0.006900158245116472,0.004389089997857809,0.5630064606666565,-1.8827544450759888,-1.0600029230117798
38,feat_37,0.009666090831160545,0.009070341475307941,0.006137139163911343,0.09707280993461609,-1.9965331554412842,-0.19380907714366913
39,feat_38,0.014813701622188091,0.013714581727981567,0.005217289552092552,0.21066875755786896,1.0794448852539062,0.22740530967712402
40,feat_39,0.022295672446489334,0.017130112275481224,0.004984760656952858,1.0362704992294312,1.0351511240005493,1.072696566581726
41,feat_40,0.021593298763036728,0.016203301027417183,0.0049229636788368225,1.0948684215545654,-0.2683629095554352,-0.2938220798969269
42,feat_41,0.040322642773389816,0.03486146032810211,0.012240787968039513,0.44614630937576294,0.24867838621139526,0.11094694584608078
43,feat_42,0.05930269509553909,0.051678698509931564,0.012585340067744255,0.6057839393615723,-0.9663444757461548,-0.5853959918022156
44,feat_43,0.13225848972797394,0.11464092880487442,0.02383902668952942,0.7390218377113342,1.1458061933517456,0.8467757701873779
45,feat_44,0.22821983695030212,0.18608839809894562,0.043518923223018646,0.9681176543235779,1.764298677444458,1.708048701286316
46,feat_45,0.14309081435203552,0.1690378338098526,0.03352116793394089,-0.7740488052368164,-1.653002142906189,1.2795042991638184
47,feat_46,0.05658804252743721,0.056706469506025314,0.011448671109974384,-0.010344168171286583,0.04932713136076927,-0.0005102481227368116
48,feat_47,0.05347524955868721,0.06087484583258629,0.0168675035238266,-0.4386894702911377,0.9740753769874573,-0.4273166060447693
49,feat_48,0.03115985542535782,0.02926035411655903,0.008930128067731857,0.212707057595253,1.364782691001892,0.2902989089488983
50,feat_49,0.024065691977739334,0.022008808329701424,0.004886890295892954,0.4208982586860657,0.4353528320789337,0.18323925137519836
51,feat_50,0.018966909497976303,0.018464146181941032,0.005286007653921843,0.09511210769414902,-0.734076976776123,-0.0698196068406105
52,feat_51,0.01315918006002903,0.011512850411236286,0.00531866354867816,0.30953821539878845,2.080101728439331,0.6438709497451782
53,feat_52,0.05014742165803909,0.12037577480077744,0.09541050344705582,-0.7360652089118958,0.2293204814195633,-0.16879482567310333
54,feat_53,0.0715031549334526,0.061470936983823776,0.02973509579896927,0.33738642930984497,-2.989574909210205,-1.0086419582366943
55,feat_54,0.0076904296875,0.006553647108376026,0.004528615158051252,0.2510221302509308,3.4085047245025635,0.8556101322174072
56,feat_55,0.009546837769448757,0.008543004281818867,0.00603255582973361,0.1664026826620102,-0.972639799118042,-0.16184987127780914
57,feat_56,0.014232459478080273,0.013099891133606434,0.005194108001887798,0.21804867684841156,5.863268852233887,1.2784780263900757
58,feat_57,0.018996018916368484,0.016520997509360313,0.004858373664319515,0.509434163570404,-4.44735860824585,-2.265636444091797
59,feat_58,0.018303973600268364,0.0157697182148695,0.0048773204907774925,0.5195999145507812,-0.2003771960735321,-0.10411597043275833
60,feat_59,0.0369873046875,0.03494323417544365,0.01339492853730917,0.15260033309459686,-1.447108507156372,-0.22082923352718353
61,feat_60,0.0583345852792263,0.052187904715538025,0.01254848949611187,0.4898343086242676,-1.084784746170044,-0.5313647985458374
62,feat_61,0.12132098525762558,0.11466426402330399,0.025492757558822632,0.26112204790115356,3.4506630897521973,0.9010441899299622
63,feat_62,0.1928410530090332,0.1865541636943817,0.045056749135255814,0.1395326852798462,-1.3893805742263794,-0.19386400282382965
64,feat_63,0.15931396186351776,0.1685899794101715,0.0326400101184845,-0.28419163823127747,-0.19052019715309143,0.054144248366355896
65,feat_64,0.0661470890045166,0.056976318359375,0.01137174665927887,0.8064522743225098,-1.1534664630889893,-0.9302156567573547
66,feat_65,0.06938570737838745,0.062116965651512146,0.01884273625910282,0.38575828075408936,-0.4683765172958374,-0.18068012595176697
67,feat_66,0.03637601435184479,0.029323721304535866,0.01039097085595131,0.6786943078041077,3.3614253997802734,2.2813801765441895
68,feat_67,0.025608474388718605,0.021563975140452385,0.0050876508466899395,0.7949640154838562,-0.36168336868286133,-0.2875252664089203
69,feat_68,0.01905048079788685,0.017995553091168404,0.005135060288012028,0.20543628931045532,-0.0072951894253492355,-0.0014986966270953417
70,feat_69,0.011514047160744667,0.011317959055304527,0.0058289989829063416,0.033640097826719284,-0.2063925862312317,-0.006943066604435444
71,feat_70,0.0687481239438057,0.12375863641500473,0.09686491638422012,-0.5679095387458801,-0.05768208205699921,0.0327582061290741
72,feat_71,0.06560246646404266,0.059520069509744644,0.028987964615225792,0.20982490479946136,-0.27275538444519043,-0.0572308711707592
73,feat_72,0.0019497686298564076,0.0014555046800523996,0.001349475234746933,0.36626380681991577,-1.7178845405578613,-0.6291989088058472
74,feat_73,0.004870368167757988,0.0021251242142170668,0.0015034644166007638,1.8259453773498535,-1.676235556602478,-3.0607144832611084
75,feat_74,0.002791555831208825,0.00230331439524889,0.001115066814236343,0.4378584623336792,-0.12079878151416779,-0.052892766892910004
76,feat_75,0.003014742396771908,0.002094060182571411,0.0010125949047505856,0.9092305302619934,-1.1182823181152344,-1.016776442527771
77,feat_76,0.003734003519639373,0.002250494435429573,0.001601184019818902,0.9265075325965881,2.0329949855804443,1.8835852146148682
78,feat_77,0.014035681262612343,0.005618860945105553,0.006062106695026159,1.3884315490722656,-0.24972939491271973,-0.34673216938972473
79,feat_78,0.00869718473404646,0.005174003075808287,0.003505362430587411,1.005083441734314,0.19299857318401337,0.1939796656370163
80,feat_79,0.01574607752263546,0.0108583839610219,0.006731921341270208,0.7260473370552063,-0.7309457659721375,-0.530701220035553
81,feat_80,0.04803583770990372,0.02293783612549305,0.016553252935409546,1.5161975622177124,0.8924916386604309,1.3531936407089233
82,feat_81,0.02392684854567051,0.014416811056435108,0.008420145139098167,1.1294386386871338,0.2918797731399536,0.3296602964401245
83,feat_82,0.00985493790358305,0.005049577448517084,0.0026623604353517294,1.8049248456954956,-0.3551218509674072,-0.6409682631492615
84,feat_83,0.022653454914689064,0.009386861696839333,0.007807557471096516,1.6991989612579346,0.8241027593612671,1.4003145694732666
85,feat_84,0.015210301615297794,0.004972459748387337,0.005188039503991604,1.973354697227478,-0.9831798076629639,-1.9401625394821167
86,feat_85,0.005369147285819054,0.002663922030478716,0.001890501007437706,1.4309568405151367,0.4301367402076721,0.6155071258544922
87,feat_86,0.0030481363646686077,0.0022992612794041634,0.0012366301380097866,0.6055772304534912,0.17389309406280518,0.10530570149421692
88,feat_87,0.006539263762533665,0.0021084377076476812,0.001685381750576198,2.628974676132202,0.19946229457855225,0.5243813395500183
89,feat_88,0.005594989750534296,0.028312381356954575,0.02529776841402054,-0.8979998230934143,0.30591660737991333,-0.27471306920051575
90,feat_89,0.021671775728464127,0.009036156348884106,0.007867848500609398,1.6059815883636475,1.177581548690796,1.89117431640625
91,feat_90,0.003240534570068121,0.0015553818084299564,0.0016350606456398964,1.030636191368103,-2.0551881790161133,-2.1181514263153076
92,feat_91,0.004892674740403891,0.0021567612420767546,0.0015112935798242688,1.8103123903274536,-1.5656112432479858,-2.834245443344116
93,feat_92,0.0045273276045918465,0.002315270947292447,0.0011617973214015365,1.9039952754974365,0.4207111597061157,0.8010320663452148
94,feat_93,0.004359414801001549,0.0022055667359381914,0.0011280612088739872,1.9093362092971802,0.34880679845809937,0.6659894585609436
95,feat_94,0.0056582121178507805,0.0024433161597698927,0.0019357189303264022,1.660827875137329,1.6143572330474854,2.6811695098876953
96,feat_95,0.009024446830153465,0.0055474466644227505,0.005601114127784967,0.6207693815231323,0.37723344564437866,0.2341749668121338
97,feat_96,0.005878954194486141,0.005130779463797808,0.003419135231524706,0.21881987154483795,1.0261374711990356,0.22453926503658295
98,feat_97,0.01933145336806774,0.010424690321087837,0.006066007539629936,1.4683072566986084,0.5269232392311096,0.7736852169036865
99,feat_98,0.050746239721775055,0.023281235247850418,0.017855046316981316,1.5382208824157715,-0.272903174161911,-0.41978535056114197
100,feat_99,0.016430892050266266,0.014924306422472,0.009043324738740921,0.1665964275598526,-0.004718221258372068,-0.0007860388141125441
101,feat_100,0.006664286833256483,0.004709634929895401,0.0024175429716706276,0.8085283041000366,-0.5694671273231506,-0.4604302942752838
102,feat_101,0.030072681605815887,0.010018978267908096,0.008977602235972881,2.233748197555542,0.6111611127853394,1.3651800155639648
103,feat_102,0.015725398436188698,0.0051423413679003716,0.005439106374979019,1.9457345008850098,0.9444742798805237,1.8376961946487427
104,feat_103,0.0041602663695812225,0.0026934577617794275,0.0018936611013486981,0.7745887637138367,-0.35868990421295166,-0.2778371572494507
105,feat_104,0.001916504348628223,0.0022955199237912893,0.0011803015368059278,-0.3211175799369812,0.5483576059341431,-0.17608726024627686
106,feat_105,0.0033963609021157026,0.0019732671789824963,0.001292141154408455,1.101345419883728,-0.8748478293418884,-0.9635096788406372
107,feat_106,0.034456729888916016,0.03035840392112732,0.0268848929554224,0.15243972837924957,-0.562759280204773,-0.08578687161207199
108,feat_107,0.020057594403624535,0.009587851352989674,0.008438045158982277,1.2407782077789307,0.72486412525177,0.8993955850601196
109,feat_108,0.0032306541688740253,0.001788703491911292,0.0015826509334146976,0.9110983610153198,1.3557602167129517,1.2352309226989746
110,feat_109,0.0035459038335829973,0.002697342075407505,0.0023438723292201757,0.3620341122150421,1.0535415410995483,0.38141798973083496
111,feat_110,0.002260183449834585,0.00261359172873199,0.0014394809259101748,-0.24551092088222504,0.24578647315502167,-0.06034326180815697
112,feat_111,0.004005616996437311,0.0025895514991134405,0.0014472713228315115,0.978438138961792,-0.6971371173858643,-0.682105541229248
113,feat_112,0.005133884958922863,0.002741942647844553,0.0018269660649821162,1.309242844581604,-1.490176796913147,-1.9510033130645752
114,feat_113,0.011827576905488968,0.006167909130454063,0.0067380997352302074,0.8399501442909241,-0.612893283367157,-0.5147997736930847
115,feat_114,0.007887165062129498,0.005798546597361565,0.003904462093487382,0.5349311828613281,-0.5353232622146606,-0.28636109828948975
116,feat_115,0.01286347210407257,0.011686976999044418,0.007399081252515316,0.1590055674314499,0.22364886105060577,0.03556141257286072
117,feat_116,0.048298921436071396,0.02465219236910343,0.018456999212503433,1.2811795473098755,0.048536963760852814,0.062184564769268036
118,feat_117,0.015794895589351654,0.014487575739622116,0.010771960951387882,0.12136321514844894,0.08991840481758118,0.010912787169218063
119,feat_118,0.006491833366453648,0.005032067187130451,0.0028226012364029884,0.5171705484390259,0.6709936261177063,0.34701815247535706
120,feat_119,0.0238832775503397,0.009977041743695736,0.007678688038140535,1.8110171556472778,-1.0386472940444946,-1.8810080289840698
121,feat_120,0.014573843218386173,0.005336902104318142,0.005541450344026089,1.6668815612792969,-0.36215776205062866,-0.6036741137504578
122,feat_121,0.004133145324885845,0.002910527866333723,0.001963874790817499,0.6225536465644836,0.2559378147125244,0.15933501720428467
123,feat_122,0.002545303665101528,0.0024824037682265043,0.001338267233222723,0.04700100049376488,-1.1470298767089844,-0.05391155183315277
124,feat_123,0.003388967365026474,0.0022620572708547115,0.001654907362535596,0.6809505820274353,0.41832125186920166,0.2848561108112335
125,feat_124,0.016218798235058784,0.03147493302822113,0.030593452975153923,-0.4986732006072998,-0.13335192203521729,0.06649903208017349
126,feat_125,0.014589831233024597,0.011275599710643291,0.009594949893653393,0.3454141616821289,0.8144352436065674,0.28131747245788574
127,feat_126,0.0030599161982536316,0.001821132143959403,0.0017651706002652645,0.70179283618927,-3.277108669281006,-2.299851417541504
128,feat_127,0.0033786382991820574,0.002621773397549987,0.002316257217898965,0.32676202058792114,-0.19846877455711365,-0.06485205888748169
129,feat_128,0.0036013515200465918,0.0025126596447080374,0.0013838522136211395,0.7867110967636108,-1.3399420976638794,-1.0541473627090454
130,feat_129,0.004170074127614498,0.0024989137891680002,0.001302879536524415,1.282666802406311,-1.199730396270752,-1.5388543605804443
131,feat_130,0.005342968739569187,0.002629909897223115,0.0018514139810577035,1.4653983116149902,3.1082301139831543,4.554795265197754
132,feat_131,0.006928366143256426,0.005662520881742239,0.005874938331544399,0.21546529233455658,-0.9064005613327026,-0.19529786705970764
133,feat_132,0.005414550192654133,0.005800669547170401,0.004020459484308958,-0.09603861719369888,0.26367735862731934,-0.025323208421468735
134,feat_133,0.01728026382625103,0.011892599053680897,0.008423509076237679,0.6395986080169678,-0.43509265780448914,-0.2782846689224243
135,feat_134,0.044380031526088715,0.024264199659228325,0.01802077703177929,1.1162577867507935,0.45138266682624817,0.5038594007492065
136,feat_135,0.016698574647307396,0.014613107778131962,0.009493239223957062,0.21967916190624237,0.29624679684638977,0.06507924944162369
137,feat_136,0.0076964558102190495,0.005015498027205467,0.002718677744269371,0.986125648021698,-0.19659915566444397,-0.19387146830558777
138,feat_137,0.02695244736969471,0.00979978684335947,0.007742695510387421,2.215334415435791,-0.8765119910240173,-1.9417672157287598
139,feat_138,0.013578829355537891,0.005179233383387327,0.0052087558433413506,1.6125917434692383,0.7478687763214111,1.2060070037841797
140,feat_139,0.003508196212351322,0.002841543173417449,0.0017795461462810636,0.3746196925640106,0.6451920866966248,0.2417016625404358
141,feat_140,0.002342705614864826,0.002510936465114355,0.001322670024819672,-0.12719033658504486,-0.495346337556839,0.06300326436758041
142,feat_141,0.002383737824857235,0.002224331721663475,0.0016273666406050324,0.09795340150594711,-0.11377091705799103,-0.011144248768687248
143,feat_142,0.03404812514781952,0.031853049993515015,0.031061366200447083,0.07066898047924042,-0.041801877319812775,-0.0029540960676968098
144,feat_143,0.014356705360114574,0.011292020790278912,0.009988444857299328,0.3068229854106903,1.1394941806793213,0.3496229946613312
