filepath,filename,label
data\sdfvd2.0\not_real\fake_vs10_aug_0-FuLJWb-1V99te-oAF7Cl.mp4,fake_vs10_aug_0-FuLJWb-1V99te-oAF7Cl.mp4,not_real
data\sdfvd2.0\not_real\fake_vs10_aug_0-if9E0y-c76x32-0x81kS-VFM3mL.mp4,fake_vs10_aug_0-if9E0y-c76x32-0x81kS-VFM3mL.mp4,not_real
data\sdfvd2.0\not_real\fake_vs10_aug_1-dq6GCO-OEcQE3-nIzeY6-eNTdNp.mp4,fake_vs10_aug_1-dq6GCO-OEcQE3-nIzeY6-eNTdNp.mp4,not_real
data\sdfvd2.0\not_real\fake_vs10_aug_1-n2eMB8-qoZDDB-i6xXL1.mp4,fake_vs10_aug_1-n2eMB8-qoZDDB-i6xXL1.mp4,not_real
data\sdfvd2.0\not_real\fake_vs10_aug_2-9lqvO4-5F1dqq-pQz3tv-3N2Jl5.mp4,fake_vs10_aug_2-9lqvO4-5F1dqq-pQz3tv-3N2Jl5.mp4,not_real
data\sdfvd2.0\not_real\fake_vs10_aug_2-W4a4A1-su9AOh-326EG0.mp4,fake_vs10_aug_2-W4a4A1-su9AOh-326EG0.mp4,not_real
data\sdfvd2.0\not_real\fake_vs10_aug_3-72xBjm-3Dz2xS-OyNHiZ-4gDsdW.mp4,fake_vs10_aug_3-72xBjm-3Dz2xS-OyNHiZ-4gDsdW.mp4,not_real
data\sdfvd2.0\not_real\fake_vs10_aug_3-dmPwof-PSMMPl-sjhuzV.mp4,fake_vs10_aug_3-dmPwof-PSMMPl-sjhuzV.mp4,not_real
data\sdfvd2.0\not_real\fake_vs10_aug_4-3yEq4I-hkIQdw-sKEGST.mp4,fake_vs10_aug_4-3yEq4I-hkIQdw-sKEGST.mp4,not_real
data\sdfvd2.0\not_real\fake_vs10_aug_4-cPoSYD-yp6rZr-LwA3P1-vuvVhv.mp4,fake_vs10_aug_4-cPoSYD-yp6rZr-LwA3P1-vuvVhv.mp4,not_real
data\sdfvd2.0\not_real\fake_vs10_aug_5-HrhyIc-4lMt6F-IRvmfZ-JNmZk9.mp4,fake_vs10_aug_5-HrhyIc-4lMt6F-IRvmfZ-JNmZk9.mp4,not_real
data\sdfvd2.0\not_real\fake_vs10_aug_5-SYGmL6-UALAeG-Y4RiFP.mp4,fake_vs10_aug_5-SYGmL6-UALAeG-Y4RiFP.mp4,not_real
data\sdfvd2.0\not_real\fake_vs10_aug_6-97Ynlr-ZeQG3w-4wod5m.mp4,fake_vs10_aug_6-97Ynlr-ZeQG3w-4wod5m.mp4,not_real
data\sdfvd2.0\not_real\fake_vs10_aug_6-X5nfN6-7DGECz-AenZHm-HkpoKl.mp4,fake_vs10_aug_6-X5nfN6-7DGECz-AenZHm-HkpoKl.mp4,not_real
data\sdfvd2.0\not_real\fake_vs10_aug_7-PFuWNP-SfYEbB-dcEYzU-KiP8dV.mp4,fake_vs10_aug_7-PFuWNP-SfYEbB-dcEYzU-KiP8dV.mp4,not_real
data\sdfvd2.0\not_real\fake_vs10_aug_7-rAjQVt-2euiHV-DgmXTn.mp4,fake_vs10_aug_7-rAjQVt-2euiHV-DgmXTn.mp4,not_real
data\sdfvd2.0\not_real\fake_vs11_aug_0-tgMvQ0-gmVisY-kIC2AE.mp4,fake_vs11_aug_0-tgMvQ0-gmVisY-kIC2AE.mp4,not_real
data\sdfvd2.0\not_real\fake_vs11_aug_1-DQ6Z9U-9rrS9u-TWfRRh.mp4,fake_vs11_aug_1-DQ6Z9U-9rrS9u-TWfRRh.mp4,not_real
data\sdfvd2.0\not_real\fake_vs11_aug_2-G3KiF8-DZUu2i-YWSRCC.mp4,fake_vs11_aug_2-G3KiF8-DZUu2i-YWSRCC.mp4,not_real
data\sdfvd2.0\not_real\fake_vs11_aug_3-MMa9v1-h1krLw-l8kKr2.mp4,fake_vs11_aug_3-MMa9v1-h1krLw-l8kKr2.mp4,not_real
data\sdfvd2.0\not_real\fake_vs11_aug_4-2jkiBl-rZBjmo-vZSD69.mp4,fake_vs11_aug_4-2jkiBl-rZBjmo-vZSD69.mp4,not_real
data\sdfvd2.0\not_real\fake_vs11_aug_5-9u2Fvo-Fdj4eG-O5EEOT.mp4,fake_vs11_aug_5-9u2Fvo-Fdj4eG-O5EEOT.mp4,not_real
data\sdfvd2.0\not_real\fake_vs11_aug_6-hrOmIZ-2ktApX-HgraOH.mp4,fake_vs11_aug_6-hrOmIZ-2ktApX-HgraOH.mp4,not_real
data\sdfvd2.0\not_real\fake_vs11_aug_7-84LrWq-9V2THU-znOTA4.mp4,fake_vs11_aug_7-84LrWq-9V2THU-znOTA4.mp4,not_real
data\sdfvd2.0\not_real\fake_vs12_aug_0-pTXSrb.mp4,fake_vs12_aug_0-pTXSrb.mp4,not_real
data\sdfvd2.0\not_real\fake_vs12_aug_1-tb9wSy.mp4,fake_vs12_aug_1-tb9wSy.mp4,not_real
data\sdfvd2.0\not_real\fake_vs12_aug_2-DHiZ6m.mp4,fake_vs12_aug_2-DHiZ6m.mp4,not_real
data\sdfvd2.0\not_real\fake_vs12_aug_3-zUZv1C.mp4,fake_vs12_aug_3-zUZv1C.mp4,not_real
data\sdfvd2.0\not_real\fake_vs12_aug_4-rMCBZc.mp4,fake_vs12_aug_4-rMCBZc.mp4,not_real
data\sdfvd2.0\not_real\fake_vs12_aug_5-QC6rOA.mp4,fake_vs12_aug_5-QC6rOA.mp4,not_real
data\sdfvd2.0\not_real\fake_vs12_aug_6-MiiUQU.mp4,fake_vs12_aug_6-MiiUQU.mp4,not_real
data\sdfvd2.0\not_real\fake_vs12_aug_7-B8xSQ5.mp4,fake_vs12_aug_7-B8xSQ5.mp4,not_real
data\sdfvd2.0\not_real\fake_vs13_aug_0.mp4,fake_vs13_aug_0.mp4,not_real
data\sdfvd2.0\not_real\fake_vs13_aug_1.mp4,fake_vs13_aug_1.mp4,not_real
data\sdfvd2.0\not_real\fake_vs13_aug_2.mp4,fake_vs13_aug_2.mp4,not_real
data\sdfvd2.0\not_real\fake_vs13_aug_3.mp4,fake_vs13_aug_3.mp4,not_real
data\sdfvd2.0\not_real\fake_vs13_aug_4.mp4,fake_vs13_aug_4.mp4,not_real
data\sdfvd2.0\not_real\fake_vs13_aug_5.mp4,fake_vs13_aug_5.mp4,not_real
data\sdfvd2.0\not_real\fake_vs13_aug_6.mp4,fake_vs13_aug_6.mp4,not_real
data\sdfvd2.0\not_real\fake_vs13_aug_7.mp4,fake_vs13_aug_7.mp4,not_real
data\sdfvd2.0\not_real\fake_vs14_aug_0.mp4,fake_vs14_aug_0.mp4,not_real
data\sdfvd2.0\not_real\fake_vs14_aug_1.mp4,fake_vs14_aug_1.mp4,not_real
data\sdfvd2.0\not_real\fake_vs14_aug_2.mp4,fake_vs14_aug_2.mp4,not_real
data\sdfvd2.0\not_real\fake_vs14_aug_3.mp4,fake_vs14_aug_3.mp4,not_real
data\sdfvd2.0\not_real\fake_vs14_aug_4.mp4,fake_vs14_aug_4.mp4,not_real
data\sdfvd2.0\not_real\fake_vs14_aug_5.mp4,fake_vs14_aug_5.mp4,not_real
data\sdfvd2.0\not_real\fake_vs15_aug_0.mp4,fake_vs15_aug_0.mp4,not_real
data\sdfvd2.0\not_real\fake_vs15_aug_1.mp4,fake_vs15_aug_1.mp4,not_real
data\sdfvd2.0\not_real\fake_vs15_aug_2.mp4,fake_vs15_aug_2.mp4,not_real
data\sdfvd2.0\not_real\fake_vs15_aug_3.mp4,fake_vs15_aug_3.mp4,not_real
data\sdfvd2.0\not_real\fake_vs15_aug_4.mp4,fake_vs15_aug_4.mp4,not_real
data\sdfvd2.0\not_real\fake_vs15_aug_5.mp4,fake_vs15_aug_5.mp4,not_real
data\sdfvd2.0\not_real\fake_vs16_aug_0.mp4,fake_vs16_aug_0.mp4,not_real
data\sdfvd2.0\not_real\fake_vs16_aug_1.mp4,fake_vs16_aug_1.mp4,not_real
data\sdfvd2.0\not_real\fake_vs16_aug_2.mp4,fake_vs16_aug_2.mp4,not_real
data\sdfvd2.0\not_real\fake_vs16_aug_3.mp4,fake_vs16_aug_3.mp4,not_real
data\sdfvd2.0\not_real\fake_vs16_aug_4.mp4,fake_vs16_aug_4.mp4,not_real
data\sdfvd2.0\not_real\fake_vs16_aug_5.mp4,fake_vs16_aug_5.mp4,not_real
data\sdfvd2.0\not_real\fake_vs16_aug_6.mp4,fake_vs16_aug_6.mp4,not_real
data\sdfvd2.0\not_real\fake_vs16_aug_7.mp4,fake_vs16_aug_7.mp4,not_real
data\sdfvd2.0\not_real\fake_vs17_aug_1.mp4,fake_vs17_aug_1.mp4,not_real
data\sdfvd2.0\not_real\fake_vs17_aug_2.mp4,fake_vs17_aug_2.mp4,not_real
data\sdfvd2.0\not_real\fake_vs17_aug_3.mp4,fake_vs17_aug_3.mp4,not_real
data\sdfvd2.0\not_real\fake_vs17_aug_4.mp4,fake_vs17_aug_4.mp4,not_real
data\sdfvd2.0\not_real\fake_vs17_aug_5.mp4,fake_vs17_aug_5.mp4,not_real
data\sdfvd2.0\not_real\fake_vs17_aug_6.mp4,fake_vs17_aug_6.mp4,not_real
data\sdfvd2.0\not_real\fake_vs17_aug_7.mp4,fake_vs17_aug_7.mp4,not_real
data\sdfvd2.0\not_real\fake_vs18_aug_0.mp4,fake_vs18_aug_0.mp4,not_real
data\sdfvd2.0\not_real\fake_vs18_aug_1.mp4,fake_vs18_aug_1.mp4,not_real
data\sdfvd2.0\not_real\fake_vs18_aug_2.mp4,fake_vs18_aug_2.mp4,not_real
data\sdfvd2.0\not_real\fake_vs18_aug_3.mp4,fake_vs18_aug_3.mp4,not_real
data\sdfvd2.0\not_real\fake_vs18_aug_4.mp4,fake_vs18_aug_4.mp4,not_real
data\sdfvd2.0\not_real\fake_vs18_aug_5.mp4,fake_vs18_aug_5.mp4,not_real
data\sdfvd2.0\not_real\fake_vs18_aug_6.mp4,fake_vs18_aug_6.mp4,not_real
data\sdfvd2.0\not_real\fake_vs18_aug_7.mp4,fake_vs18_aug_7.mp4,not_real
data\sdfvd2.0\not_real\fake_vs19_aug_0.mp4,fake_vs19_aug_0.mp4,not_real
data\sdfvd2.0\not_real\fake_vs19_aug_1.mp4,fake_vs19_aug_1.mp4,not_real
data\sdfvd2.0\not_real\fake_vs19_aug_2.mp4,fake_vs19_aug_2.mp4,not_real
data\sdfvd2.0\not_real\fake_vs19_aug_3.mp4,fake_vs19_aug_3.mp4,not_real
data\sdfvd2.0\not_real\fake_vs19_aug_4.mp4,fake_vs19_aug_4.mp4,not_real
data\sdfvd2.0\not_real\fake_vs19_aug_5.mp4,fake_vs19_aug_5.mp4,not_real
data\sdfvd2.0\not_real\fake_vs19_aug_6.mp4,fake_vs19_aug_6.mp4,not_real
data\sdfvd2.0\not_real\fake_vs19_aug_7.mp4,fake_vs19_aug_7.mp4,not_real
data\sdfvd2.0\not_real\fake_vs1_aug_0-zupq9I-C4qUe7-oAltTD.mp4,fake_vs1_aug_0-zupq9I-C4qUe7-oAltTD.mp4,not_real
data\sdfvd2.0\not_real\fake_vs1_aug_1-YxkyoS-OdMFjx-gExZv8.mp4,fake_vs1_aug_1-YxkyoS-OdMFjx-gExZv8.mp4,not_real
data\sdfvd2.0\not_real\fake_vs1_aug_2-uNHUDk-ZvTdUu-JGS4qN.mp4,fake_vs1_aug_2-uNHUDk-ZvTdUu-JGS4qN.mp4,not_real
data\sdfvd2.0\not_real\fake_vs1_aug_3-a2G9ZD-Y8sdGK-FRhRdL.mp4,fake_vs1_aug_3-a2G9ZD-Y8sdGK-FRhRdL.mp4,not_real
data\sdfvd2.0\not_real\fake_vs1_aug_4-ZVA3Lq-btMuHa-g9SEzt.mp4,fake_vs1_aug_4-ZVA3Lq-btMuHa-g9SEzt.mp4,not_real
data\sdfvd2.0\not_real\fake_vs1_aug_6-PYh67y-bn4OOG.mp4,fake_vs1_aug_6-PYh67y-bn4OOG.mp4,not_real
data\sdfvd2.0\not_real\fake_vs1_aug_7-xWRGhp-53fOSs.mp4,fake_vs1_aug_7-xWRGhp-53fOSs.mp4,not_real
data\sdfvd2.0\not_real\fake_vs20_aug_0.mp4,fake_vs20_aug_0.mp4,not_real
data\sdfvd2.0\not_real\fake_vs20_aug_1.mp4,fake_vs20_aug_1.mp4,not_real
data\sdfvd2.0\not_real\fake_vs20_aug_2.mp4,fake_vs20_aug_2.mp4,not_real
data\sdfvd2.0\not_real\fake_vs20_aug_3.mp4,fake_vs20_aug_3.mp4,not_real
data\sdfvd2.0\not_real\fake_vs20_aug_4.mp4,fake_vs20_aug_4.mp4,not_real
data\sdfvd2.0\not_real\fake_vs20_aug_5.mp4,fake_vs20_aug_5.mp4,not_real
data\sdfvd2.0\not_real\fake_vs20_aug_6.mp4,fake_vs20_aug_6.mp4,not_real
data\sdfvd2.0\not_real\fake_vs20_aug_7.mp4,fake_vs20_aug_7.mp4,not_real
data\sdfvd2.0\not_real\fake_vs21_aug_0.mp4,fake_vs21_aug_0.mp4,not_real
data\sdfvd2.0\not_real\fake_vs21_aug_1.mp4,fake_vs21_aug_1.mp4,not_real
data\sdfvd2.0\not_real\fake_vs21_aug_2.mp4,fake_vs21_aug_2.mp4,not_real
data\sdfvd2.0\not_real\fake_vs21_aug_3.mp4,fake_vs21_aug_3.mp4,not_real
data\sdfvd2.0\not_real\fake_vs21_aug_4.mp4,fake_vs21_aug_4.mp4,not_real
data\sdfvd2.0\not_real\fake_vs21_aug_5.mp4,fake_vs21_aug_5.mp4,not_real
data\sdfvd2.0\not_real\fake_vs21_aug_6.mp4,fake_vs21_aug_6.mp4,not_real
data\sdfvd2.0\not_real\fake_vs21_aug_7.mp4,fake_vs21_aug_7.mp4,not_real
data\sdfvd2.0\not_real\fake_vs22_aug_0.mp4,fake_vs22_aug_0.mp4,not_real
data\sdfvd2.0\not_real\fake_vs22_aug_1.mp4,fake_vs22_aug_1.mp4,not_real
data\sdfvd2.0\not_real\fake_vs22_aug_2.mp4,fake_vs22_aug_2.mp4,not_real
data\sdfvd2.0\not_real\fake_vs22_aug_3.mp4,fake_vs22_aug_3.mp4,not_real
data\sdfvd2.0\not_real\fake_vs22_aug_4.mp4,fake_vs22_aug_4.mp4,not_real
data\sdfvd2.0\not_real\fake_vs22_aug_5.mp4,fake_vs22_aug_5.mp4,not_real
data\sdfvd2.0\not_real\fake_vs22_aug_6.mp4,fake_vs22_aug_6.mp4,not_real
data\sdfvd2.0\not_real\fake_vs22_aug_7.mp4,fake_vs22_aug_7.mp4,not_real
data\sdfvd2.0\not_real\fake_vs23_aug_0.mp4,fake_vs23_aug_0.mp4,not_real
data\sdfvd2.0\not_real\fake_vs23_aug_1.mp4,fake_vs23_aug_1.mp4,not_real
data\sdfvd2.0\not_real\fake_vs23_aug_2.mp4,fake_vs23_aug_2.mp4,not_real
data\sdfvd2.0\not_real\fake_vs23_aug_3.mp4,fake_vs23_aug_3.mp4,not_real
data\sdfvd2.0\not_real\fake_vs23_aug_4.mp4,fake_vs23_aug_4.mp4,not_real
data\sdfvd2.0\not_real\fake_vs23_aug_5.mp4,fake_vs23_aug_5.mp4,not_real
data\sdfvd2.0\not_real\fake_vs23_aug_6.mp4,fake_vs23_aug_6.mp4,not_real
data\sdfvd2.0\not_real\fake_vs23_aug_7.mp4,fake_vs23_aug_7.mp4,not_real
data\sdfvd2.0\not_real\fake_vs24_aug_0.mp4,fake_vs24_aug_0.mp4,not_real
data\sdfvd2.0\not_real\fake_vs24_aug_1.mp4,fake_vs24_aug_1.mp4,not_real
data\sdfvd2.0\not_real\fake_vs24_aug_2.mp4,fake_vs24_aug_2.mp4,not_real
data\sdfvd2.0\not_real\fake_vs24_aug_3.mp4,fake_vs24_aug_3.mp4,not_real
data\sdfvd2.0\not_real\fake_vs24_aug_4.mp4,fake_vs24_aug_4.mp4,not_real
data\sdfvd2.0\not_real\fake_vs24_aug_5.mp4,fake_vs24_aug_5.mp4,not_real
data\sdfvd2.0\not_real\fake_vs25_aug_0.mp4,fake_vs25_aug_0.mp4,not_real
data\sdfvd2.0\not_real\fake_vs25_aug_1.mp4,fake_vs25_aug_1.mp4,not_real
data\sdfvd2.0\not_real\fake_vs25_aug_2.mp4,fake_vs25_aug_2.mp4,not_real
data\sdfvd2.0\not_real\fake_vs26_aug_0.mp4,fake_vs26_aug_0.mp4,not_real
data\sdfvd2.0\not_real\fake_vs26_aug_1.mp4,fake_vs26_aug_1.mp4,not_real
data\sdfvd2.0\not_real\fake_vs26_aug_2.mp4,fake_vs26_aug_2.mp4,not_real
data\sdfvd2.0\not_real\fake_vs26_aug_3.mp4,fake_vs26_aug_3.mp4,not_real
data\sdfvd2.0\not_real\fake_vs26_aug_4.mp4,fake_vs26_aug_4.mp4,not_real
data\sdfvd2.0\not_real\fake_vs26_aug_5.mp4,fake_vs26_aug_5.mp4,not_real
data\sdfvd2.0\not_real\fake_vs26_aug_6.mp4,fake_vs26_aug_6.mp4,not_real
data\sdfvd2.0\not_real\fake_vs26_aug_7.mp4,fake_vs26_aug_7.mp4,not_real
data\sdfvd2.0\not_real\fake_vs27_aug_0.mp4,fake_vs27_aug_0.mp4,not_real
data\sdfvd2.0\not_real\fake_vs27_aug_1.mp4,fake_vs27_aug_1.mp4,not_real
data\sdfvd2.0\not_real\fake_vs27_aug_2.mp4,fake_vs27_aug_2.mp4,not_real
data\sdfvd2.0\not_real\fake_vs27_aug_3.mp4,fake_vs27_aug_3.mp4,not_real
data\sdfvd2.0\not_real\fake_vs27_aug_4.mp4,fake_vs27_aug_4.mp4,not_real
data\sdfvd2.0\not_real\fake_vs27_aug_5.mp4,fake_vs27_aug_5.mp4,not_real
data\sdfvd2.0\not_real\fake_vs27_aug_6.mp4,fake_vs27_aug_6.mp4,not_real
data\sdfvd2.0\not_real\fake_vs27_aug_7.mp4,fake_vs27_aug_7.mp4,not_real
data\sdfvd2.0\not_real\fake_vs28_aug_0.mp4,fake_vs28_aug_0.mp4,not_real
data\sdfvd2.0\not_real\fake_vs28_aug_1.mp4,fake_vs28_aug_1.mp4,not_real
data\sdfvd2.0\not_real\fake_vs28_aug_2.mp4,fake_vs28_aug_2.mp4,not_real
data\sdfvd2.0\not_real\fake_vs28_aug_3.mp4,fake_vs28_aug_3.mp4,not_real
data\sdfvd2.0\not_real\fake_vs28_aug_4.mp4,fake_vs28_aug_4.mp4,not_real
data\sdfvd2.0\not_real\fake_vs28_aug_5.mp4,fake_vs28_aug_5.mp4,not_real
data\sdfvd2.0\not_real\fake_vs29_aug_0.mp4,fake_vs29_aug_0.mp4,not_real
data\sdfvd2.0\not_real\fake_vs29_aug_1.mp4,fake_vs29_aug_1.mp4,not_real
data\sdfvd2.0\not_real\fake_vs29_aug_2.mp4,fake_vs29_aug_2.mp4,not_real
data\sdfvd2.0\not_real\fake_vs29_aug_3.mp4,fake_vs29_aug_3.mp4,not_real
data\sdfvd2.0\not_real\fake_vs29_aug_4.mp4,fake_vs29_aug_4.mp4,not_real
data\sdfvd2.0\not_real\fake_vs29_aug_5.mp4,fake_vs29_aug_5.mp4,not_real
data\sdfvd2.0\not_real\fake_vs29_aug_6.mp4,fake_vs29_aug_6.mp4,not_real
data\sdfvd2.0\not_real\fake_vs29_aug_7.mp4,fake_vs29_aug_7.mp4,not_real
data\sdfvd2.0\not_real\fake_vs2_aug_0-lLbLJZ-FPSwb4.mp4,fake_vs2_aug_0-lLbLJZ-FPSwb4.mp4,not_real
data\sdfvd2.0\not_real\fake_vs2_aug_1-y0aW80-nCc7NI-Z0R7UX.mp4,fake_vs2_aug_1-y0aW80-nCc7NI-Z0R7UX.mp4,not_real
data\sdfvd2.0\not_real\fake_vs2_aug_2-ICb334-pypEVZ.mp4,fake_vs2_aug_2-ICb334-pypEVZ.mp4,not_real
data\sdfvd2.0\not_real\fake_vs2_aug_3-PX4Jr4-OPm2bu.mp4,fake_vs2_aug_3-PX4Jr4-OPm2bu.mp4,not_real
data\sdfvd2.0\not_real\fake_vs2_aug_4-wPrNaN-cpa6Ju.mp4,fake_vs2_aug_4-wPrNaN-cpa6Ju.mp4,not_real
data\sdfvd2.0\not_real\fake_vs2_aug_5-LhtcZB-H9b4wm-73tYoq.mp4,fake_vs2_aug_5-LhtcZB-H9b4wm-73tYoq.mp4,not_real
data\sdfvd2.0\not_real\fake_vs2_aug_6-mibJYh-cKWwQt-sqfjiS.mp4,fake_vs2_aug_6-mibJYh-cKWwQt-sqfjiS.mp4,not_real
data\sdfvd2.0\not_real\fake_vs2_aug_7-W9E72g-XabVNG-cx27lO.mp4,fake_vs2_aug_7-W9E72g-XabVNG-cx27lO.mp4,not_real
data\sdfvd2.0\not_real\fake_vs30_aug_0.mp4,fake_vs30_aug_0.mp4,not_real
data\sdfvd2.0\not_real\fake_vs30_aug_1.mp4,fake_vs30_aug_1.mp4,not_real
data\sdfvd2.0\not_real\fake_vs30_aug_2.mp4,fake_vs30_aug_2.mp4,not_real
data\sdfvd2.0\not_real\fake_vs30_aug_3.mp4,fake_vs30_aug_3.mp4,not_real
data\sdfvd2.0\not_real\fake_vs30_aug_4.mp4,fake_vs30_aug_4.mp4,not_real
data\sdfvd2.0\not_real\fake_vs30_aug_5.mp4,fake_vs30_aug_5.mp4,not_real
data\sdfvd2.0\not_real\fake_vs31_aug_0.mp4,fake_vs31_aug_0.mp4,not_real
data\sdfvd2.0\not_real\fake_vs31_aug_1.mp4,fake_vs31_aug_1.mp4,not_real
data\sdfvd2.0\not_real\fake_vs31_aug_2.mp4,fake_vs31_aug_2.mp4,not_real
data\sdfvd2.0\not_real\fake_vs31_aug_3.mp4,fake_vs31_aug_3.mp4,not_real
data\sdfvd2.0\not_real\fake_vs31_aug_4.mp4,fake_vs31_aug_4.mp4,not_real
data\sdfvd2.0\not_real\fake_vs31_aug_5.mp4,fake_vs31_aug_5.mp4,not_real
data\sdfvd2.0\not_real\fake_vs32_aug_0.mp4,fake_vs32_aug_0.mp4,not_real
data\sdfvd2.0\not_real\fake_vs32_aug_1.mp4,fake_vs32_aug_1.mp4,not_real
data\sdfvd2.0\not_real\fake_vs32_aug_2.mp4,fake_vs32_aug_2.mp4,not_real
data\sdfvd2.0\not_real\fake_vs32_aug_3.mp4,fake_vs32_aug_3.mp4,not_real
data\sdfvd2.0\not_real\fake_vs32_aug_4.mp4,fake_vs32_aug_4.mp4,not_real
data\sdfvd2.0\not_real\fake_vs32_aug_5.mp4,fake_vs32_aug_5.mp4,not_real
data\sdfvd2.0\not_real\fake_vs33_aug_0.mp4,fake_vs33_aug_0.mp4,not_real
data\sdfvd2.0\not_real\fake_vs33_aug_1.mp4,fake_vs33_aug_1.mp4,not_real
data\sdfvd2.0\not_real\fake_vs33_aug_2.mp4,fake_vs33_aug_2.mp4,not_real
data\sdfvd2.0\not_real\fake_vs33_aug_3.mp4,fake_vs33_aug_3.mp4,not_real
data\sdfvd2.0\not_real\fake_vs33_aug_4.mp4,fake_vs33_aug_4.mp4,not_real
data\sdfvd2.0\not_real\fake_vs33_aug_5.mp4,fake_vs33_aug_5.mp4,not_real
data\sdfvd2.0\not_real\fake_vs33_aug_6.mp4,fake_vs33_aug_6.mp4,not_real
data\sdfvd2.0\not_real\fake_vs33_aug_7.mp4,fake_vs33_aug_7.mp4,not_real
data\sdfvd2.0\not_real\fake_vs34_aug_0.mp4,fake_vs34_aug_0.mp4,not_real
data\sdfvd2.0\not_real\fake_vs34_aug_1.mp4,fake_vs34_aug_1.mp4,not_real
data\sdfvd2.0\not_real\fake_vs34_aug_2.mp4,fake_vs34_aug_2.mp4,not_real
data\sdfvd2.0\not_real\fake_vs34_aug_3.mp4,fake_vs34_aug_3.mp4,not_real
data\sdfvd2.0\not_real\fake_vs34_aug_4.mp4,fake_vs34_aug_4.mp4,not_real
data\sdfvd2.0\not_real\fake_vs34_aug_5.mp4,fake_vs34_aug_5.mp4,not_real
data\sdfvd2.0\not_real\fake_vs34_aug_6.mp4,fake_vs34_aug_6.mp4,not_real
data\sdfvd2.0\not_real\fake_vs34_aug_7.mp4,fake_vs34_aug_7.mp4,not_real
data\sdfvd2.0\not_real\fake_vs35_aug_0.mp4,fake_vs35_aug_0.mp4,not_real
data\sdfvd2.0\not_real\fake_vs35_aug_1.mp4,fake_vs35_aug_1.mp4,not_real
data\sdfvd2.0\not_real\fake_vs35_aug_2.mp4,fake_vs35_aug_2.mp4,not_real
data\sdfvd2.0\not_real\fake_vs35_aug_3.mp4,fake_vs35_aug_3.mp4,not_real
data\sdfvd2.0\not_real\fake_vs35_aug_4.mp4,fake_vs35_aug_4.mp4,not_real
data\sdfvd2.0\not_real\fake_vs35_aug_5.mp4,fake_vs35_aug_5.mp4,not_real
data\sdfvd2.0\not_real\fake_vs35_aug_6.mp4,fake_vs35_aug_6.mp4,not_real
data\sdfvd2.0\not_real\fake_vs35_aug_7.mp4,fake_vs35_aug_7.mp4,not_real
data\sdfvd2.0\not_real\fake_vs36_aug_0.mp4,fake_vs36_aug_0.mp4,not_real
data\sdfvd2.0\not_real\fake_vs36_aug_1.mp4,fake_vs36_aug_1.mp4,not_real
data\sdfvd2.0\not_real\fake_vs36_aug_2.mp4,fake_vs36_aug_2.mp4,not_real
data\sdfvd2.0\not_real\fake_vs36_aug_3.mp4,fake_vs36_aug_3.mp4,not_real
data\sdfvd2.0\not_real\fake_vs36_aug_4.mp4,fake_vs36_aug_4.mp4,not_real
data\sdfvd2.0\not_real\fake_vs36_aug_5.mp4,fake_vs36_aug_5.mp4,not_real
data\sdfvd2.0\not_real\fake_vs36_aug_6.mp4,fake_vs36_aug_6.mp4,not_real
data\sdfvd2.0\not_real\fake_vs36_aug_7.mp4,fake_vs36_aug_7.mp4,not_real
data\sdfvd2.0\not_real\fake_vs37_aug_0.mp4,fake_vs37_aug_0.mp4,not_real
data\sdfvd2.0\not_real\fake_vs37_aug_1.mp4,fake_vs37_aug_1.mp4,not_real
data\sdfvd2.0\not_real\fake_vs37_aug_2.mp4,fake_vs37_aug_2.mp4,not_real
data\sdfvd2.0\not_real\fake_vs37_aug_3.mp4,fake_vs37_aug_3.mp4,not_real
data\sdfvd2.0\not_real\fake_vs37_aug_4.mp4,fake_vs37_aug_4.mp4,not_real
data\sdfvd2.0\not_real\fake_vs37_aug_5.mp4,fake_vs37_aug_5.mp4,not_real
data\sdfvd2.0\not_real\fake_vs37_aug_6.mp4,fake_vs37_aug_6.mp4,not_real
data\sdfvd2.0\not_real\fake_vs37_aug_7.mp4,fake_vs37_aug_7.mp4,not_real
data\sdfvd2.0\not_real\fake_vs38_aug_0.mp4,fake_vs38_aug_0.mp4,not_real
data\sdfvd2.0\not_real\fake_vs38_aug_1.mp4,fake_vs38_aug_1.mp4,not_real
data\sdfvd2.0\not_real\fake_vs38_aug_2.mp4,fake_vs38_aug_2.mp4,not_real
data\sdfvd2.0\not_real\fake_vs38_aug_3.mp4,fake_vs38_aug_3.mp4,not_real
data\sdfvd2.0\not_real\fake_vs38_aug_4.mp4,fake_vs38_aug_4.mp4,not_real
data\sdfvd2.0\not_real\fake_vs38_aug_5.mp4,fake_vs38_aug_5.mp4,not_real
data\sdfvd2.0\not_real\fake_vs38_aug_6.mp4,fake_vs38_aug_6.mp4,not_real
data\sdfvd2.0\not_real\fake_vs38_aug_7.mp4,fake_vs38_aug_7.mp4,not_real
data\sdfvd2.0\not_real\fake_vs39_aug_0.mp4,fake_vs39_aug_0.mp4,not_real
data\sdfvd2.0\not_real\fake_vs39_aug_1.mp4,fake_vs39_aug_1.mp4,not_real
data\sdfvd2.0\not_real\fake_vs39_aug_2.mp4,fake_vs39_aug_2.mp4,not_real
data\sdfvd2.0\not_real\fake_vs39_aug_3.mp4,fake_vs39_aug_3.mp4,not_real
data\sdfvd2.0\not_real\fake_vs39_aug_4.mp4,fake_vs39_aug_4.mp4,not_real
data\sdfvd2.0\not_real\fake_vs39_aug_5.mp4,fake_vs39_aug_5.mp4,not_real
data\sdfvd2.0\not_real\fake_vs39_aug_6.mp4,fake_vs39_aug_6.mp4,not_real
data\sdfvd2.0\not_real\fake_vs39_aug_7.mp4,fake_vs39_aug_7.mp4,not_real
data\sdfvd2.0\not_real\fake_vs3_aug_0-LUqBmw-eijI0M-LbRtQx.mp4,fake_vs3_aug_0-LUqBmw-eijI0M-LbRtQx.mp4,not_real
data\sdfvd2.0\not_real\fake_vs3_aug_1-PfCTF4-OedqD7.mp4,fake_vs3_aug_1-PfCTF4-OedqD7.mp4,not_real
data\sdfvd2.0\not_real\fake_vs3_aug_2-p8T1Ut-h9ArQa.mp4,fake_vs3_aug_2-p8T1Ut-h9ArQa.mp4,not_real
data\sdfvd2.0\not_real\fake_vs3_aug_3-EBMZ4t-lKGI7c-7XeHLs.mp4,fake_vs3_aug_3-EBMZ4t-lKGI7c-7XeHLs.mp4,not_real
data\sdfvd2.0\not_real\fake_vs3_aug_4-rVnAZC-it5jqn-hru1m4.mp4,fake_vs3_aug_4-rVnAZC-it5jqn-hru1m4.mp4,not_real
data\sdfvd2.0\not_real\fake_vs3_aug_5-OARdag-LJ4674.mp4,fake_vs3_aug_5-OARdag-LJ4674.mp4,not_real
data\sdfvd2.0\not_real\fake_vs3_aug_6-jzdSkE-cKJ5sd-StWsoe.mp4,fake_vs3_aug_6-jzdSkE-cKJ5sd-StWsoe.mp4,not_real
data\sdfvd2.0\not_real\fake_vs3_aug_7-7SwdN8-C52Dls-OiimdJ.mp4,fake_vs3_aug_7-7SwdN8-C52Dls-OiimdJ.mp4,not_real
data\sdfvd2.0\not_real\fake_vs40_aug_0.mp4,fake_vs40_aug_0.mp4,not_real
data\sdfvd2.0\not_real\fake_vs40_aug_1.mp4,fake_vs40_aug_1.mp4,not_real
data\sdfvd2.0\not_real\fake_vs40_aug_2.mp4,fake_vs40_aug_2.mp4,not_real
data\sdfvd2.0\not_real\fake_vs40_aug_3.mp4,fake_vs40_aug_3.mp4,not_real
data\sdfvd2.0\not_real\fake_vs40_aug_4.mp4,fake_vs40_aug_4.mp4,not_real
data\sdfvd2.0\not_real\fake_vs40_aug_5.mp4,fake_vs40_aug_5.mp4,not_real
data\sdfvd2.0\not_real\fake_vs40_aug_6.mp4,fake_vs40_aug_6.mp4,not_real
data\sdfvd2.0\not_real\fake_vs40_aug_7.mp4,fake_vs40_aug_7.mp4,not_real
data\sdfvd2.0\not_real\fake_vs41_aug_0.mp4,fake_vs41_aug_0.mp4,not_real
data\sdfvd2.0\not_real\fake_vs41_aug_1.mp4,fake_vs41_aug_1.mp4,not_real
data\sdfvd2.0\not_real\fake_vs41_aug_2.mp4,fake_vs41_aug_2.mp4,not_real
data\sdfvd2.0\not_real\fake_vs41_aug_3.mp4,fake_vs41_aug_3.mp4,not_real
data\sdfvd2.0\not_real\fake_vs41_aug_4.mp4,fake_vs41_aug_4.mp4,not_real
data\sdfvd2.0\not_real\fake_vs41_aug_5.mp4,fake_vs41_aug_5.mp4,not_real
data\sdfvd2.0\not_real\fake_vs41_aug_6.mp4,fake_vs41_aug_6.mp4,not_real
data\sdfvd2.0\not_real\fake_vs41_aug_7.mp4,fake_vs41_aug_7.mp4,not_real
data\sdfvd2.0\not_real\fake_vs42_aug_0.mp4,fake_vs42_aug_0.mp4,not_real
data\sdfvd2.0\not_real\fake_vs42_aug_1.mp4,fake_vs42_aug_1.mp4,not_real
data\sdfvd2.0\not_real\fake_vs42_aug_2.mp4,fake_vs42_aug_2.mp4,not_real
data\sdfvd2.0\not_real\fake_vs42_aug_3.mp4,fake_vs42_aug_3.mp4,not_real
data\sdfvd2.0\not_real\fake_vs42_aug_4.mp4,fake_vs42_aug_4.mp4,not_real
data\sdfvd2.0\not_real\fake_vs42_aug_5.mp4,fake_vs42_aug_5.mp4,not_real
data\sdfvd2.0\not_real\fake_vs42_aug_6.mp4,fake_vs42_aug_6.mp4,not_real
data\sdfvd2.0\not_real\fake_vs42_aug_7.mp4,fake_vs42_aug_7.mp4,not_real
data\sdfvd2.0\not_real\fake_vs43_aug_0.mp4,fake_vs43_aug_0.mp4,not_real
data\sdfvd2.0\not_real\fake_vs43_aug_1.mp4,fake_vs43_aug_1.mp4,not_real
data\sdfvd2.0\not_real\fake_vs43_aug_2.mp4,fake_vs43_aug_2.mp4,not_real
data\sdfvd2.0\not_real\fake_vs43_aug_3.mp4,fake_vs43_aug_3.mp4,not_real
data\sdfvd2.0\not_real\fake_vs43_aug_4.mp4,fake_vs43_aug_4.mp4,not_real
data\sdfvd2.0\not_real\fake_vs43_aug_5.mp4,fake_vs43_aug_5.mp4,not_real
data\sdfvd2.0\not_real\fake_vs43_aug_6.mp4,fake_vs43_aug_6.mp4,not_real
data\sdfvd2.0\not_real\fake_vs43_aug_7.mp4,fake_vs43_aug_7.mp4,not_real
data\sdfvd2.0\not_real\fake_vs44_aug_0.mp4,fake_vs44_aug_0.mp4,not_real
data\sdfvd2.0\not_real\fake_vs44_aug_1.mp4,fake_vs44_aug_1.mp4,not_real
data\sdfvd2.0\not_real\fake_vs44_aug_2.mp4,fake_vs44_aug_2.mp4,not_real
data\sdfvd2.0\not_real\fake_vs44_aug_3.mp4,fake_vs44_aug_3.mp4,not_real
data\sdfvd2.0\not_real\fake_vs44_aug_4.mp4,fake_vs44_aug_4.mp4,not_real
data\sdfvd2.0\not_real\fake_vs44_aug_5.mp4,fake_vs44_aug_5.mp4,not_real
data\sdfvd2.0\not_real\fake_vs44_aug_6.mp4,fake_vs44_aug_6.mp4,not_real
data\sdfvd2.0\not_real\fake_vs44_aug_7.mp4,fake_vs44_aug_7.mp4,not_real
data\sdfvd2.0\not_real\fake_vs45_aug_0.mp4,fake_vs45_aug_0.mp4,not_real
data\sdfvd2.0\not_real\fake_vs45_aug_1.mp4,fake_vs45_aug_1.mp4,not_real
data\sdfvd2.0\not_real\fake_vs45_aug_2.mp4,fake_vs45_aug_2.mp4,not_real
data\sdfvd2.0\not_real\fake_vs45_aug_3.mp4,fake_vs45_aug_3.mp4,not_real
data\sdfvd2.0\not_real\fake_vs45_aug_4.mp4,fake_vs45_aug_4.mp4,not_real
data\sdfvd2.0\not_real\fake_vs45_aug_5.mp4,fake_vs45_aug_5.mp4,not_real
data\sdfvd2.0\not_real\fake_vs45_aug_6.mp4,fake_vs45_aug_6.mp4,not_real
data\sdfvd2.0\not_real\fake_vs45_aug_7.mp4,fake_vs45_aug_7.mp4,not_real
data\sdfvd2.0\not_real\fake_vs46_aug_0.mp4,fake_vs46_aug_0.mp4,not_real
data\sdfvd2.0\not_real\fake_vs46_aug_1.mp4,fake_vs46_aug_1.mp4,not_real
data\sdfvd2.0\not_real\fake_vs46_aug_2.mp4,fake_vs46_aug_2.mp4,not_real
data\sdfvd2.0\not_real\fake_vs46_aug_3.mp4,fake_vs46_aug_3.mp4,not_real
data\sdfvd2.0\not_real\fake_vs46_aug_4.mp4,fake_vs46_aug_4.mp4,not_real
data\sdfvd2.0\not_real\fake_vs46_aug_5.mp4,fake_vs46_aug_5.mp4,not_real
data\sdfvd2.0\not_real\fake_vs46_aug_6.mp4,fake_vs46_aug_6.mp4,not_real
data\sdfvd2.0\not_real\fake_vs46_aug_7.mp4,fake_vs46_aug_7.mp4,not_real
data\sdfvd2.0\not_real\fake_vs47_aug_0.mp4,fake_vs47_aug_0.mp4,not_real
data\sdfvd2.0\not_real\fake_vs47_aug_1.mp4,fake_vs47_aug_1.mp4,not_real
data\sdfvd2.0\not_real\fake_vs47_aug_2.mp4,fake_vs47_aug_2.mp4,not_real
data\sdfvd2.0\not_real\fake_vs47_aug_3.mp4,fake_vs47_aug_3.mp4,not_real
data\sdfvd2.0\not_real\fake_vs47_aug_4.mp4,fake_vs47_aug_4.mp4,not_real
data\sdfvd2.0\not_real\fake_vs47_aug_5.mp4,fake_vs47_aug_5.mp4,not_real
data\sdfvd2.0\not_real\fake_vs47_aug_6.mp4,fake_vs47_aug_6.mp4,not_real
data\sdfvd2.0\not_real\fake_vs47_aug_7.mp4,fake_vs47_aug_7.mp4,not_real
data\sdfvd2.0\not_real\fake_vs48_aug_0-xIlQYc.mp4,fake_vs48_aug_0-xIlQYc.mp4,not_real
data\sdfvd2.0\not_real\fake_vs48_aug_1-pFuIZX.mp4,fake_vs48_aug_1-pFuIZX.mp4,not_real
data\sdfvd2.0\not_real\fake_vs48_aug_2-Zf8rvv.mp4,fake_vs48_aug_2-Zf8rvv.mp4,not_real
data\sdfvd2.0\not_real\fake_vs48_aug_3-rVAcgX.mp4,fake_vs48_aug_3-rVAcgX.mp4,not_real
data\sdfvd2.0\not_real\fake_vs48_aug_4-fxE1RL.mp4,fake_vs48_aug_4-fxE1RL.mp4,not_real
data\sdfvd2.0\not_real\fake_vs48_aug_5-bpwKNM.mp4,fake_vs48_aug_5-bpwKNM.mp4,not_real
data\sdfvd2.0\not_real\fake_vs48_aug_6-lZMVlI.mp4,fake_vs48_aug_6-lZMVlI.mp4,not_real
data\sdfvd2.0\not_real\fake_vs48_aug_7-ctkvL6.mp4,fake_vs48_aug_7-ctkvL6.mp4,not_real
data\sdfvd2.0\not_real\fake_vs49_aug_0.mp4,fake_vs49_aug_0.mp4,not_real
data\sdfvd2.0\not_real\fake_vs49_aug_1.mp4,fake_vs49_aug_1.mp4,not_real
data\sdfvd2.0\not_real\fake_vs49_aug_2.mp4,fake_vs49_aug_2.mp4,not_real
data\sdfvd2.0\not_real\fake_vs49_aug_3.mp4,fake_vs49_aug_3.mp4,not_real
data\sdfvd2.0\not_real\fake_vs49_aug_4.mp4,fake_vs49_aug_4.mp4,not_real
data\sdfvd2.0\not_real\fake_vs49_aug_5.mp4,fake_vs49_aug_5.mp4,not_real
data\sdfvd2.0\not_real\fake_vs49_aug_6.mp4,fake_vs49_aug_6.mp4,not_real
data\sdfvd2.0\not_real\fake_vs49_aug_7.mp4,fake_vs49_aug_7.mp4,not_real
data\sdfvd2.0\not_real\fake_vs4_aug_0-lEKGPF-aIl7WQ.mp4,fake_vs4_aug_0-lEKGPF-aIl7WQ.mp4,not_real
data\sdfvd2.0\not_real\fake_vs4_aug_1-Xiy6l8-E5eL4R.mp4,fake_vs4_aug_1-Xiy6l8-E5eL4R.mp4,not_real
data\sdfvd2.0\not_real\fake_vs4_aug_2-AcccXI-itobq3.mp4,fake_vs4_aug_2-AcccXI-itobq3.mp4,not_real
data\sdfvd2.0\not_real\fake_vs4_aug_3-4lK4Wp.mp4,fake_vs4_aug_3-4lK4Wp.mp4,not_real
data\sdfvd2.0\not_real\fake_vs4_aug_4-18UWYP.mp4,fake_vs4_aug_4-18UWYP.mp4,not_real
data\sdfvd2.0\not_real\fake_vs4_aug_5-bnS1pw-m8wzMx.mp4,fake_vs4_aug_5-bnS1pw-m8wzMx.mp4,not_real
data\sdfvd2.0\not_real\fake_vs4_aug_6-CxXZJP-sma92O.mp4,fake_vs4_aug_6-CxXZJP-sma92O.mp4,not_real
data\sdfvd2.0\not_real\fake_vs4_aug_7-KhMieg-mdbe2D-WDnnRR.mp4,fake_vs4_aug_7-KhMieg-mdbe2D-WDnnRR.mp4,not_real
data\sdfvd2.0\not_real\fake_vs50_aug_0.mp4,fake_vs50_aug_0.mp4,not_real
data\sdfvd2.0\not_real\fake_vs50_aug_1.mp4,fake_vs50_aug_1.mp4,not_real
data\sdfvd2.0\not_real\fake_vs50_aug_2.mp4,fake_vs50_aug_2.mp4,not_real
data\sdfvd2.0\not_real\fake_vs50_aug_3.mp4,fake_vs50_aug_3.mp4,not_real
data\sdfvd2.0\not_real\fake_vs50_aug_4.mp4,fake_vs50_aug_4.mp4,not_real
data\sdfvd2.0\not_real\fake_vs50_aug_5.mp4,fake_vs50_aug_5.mp4,not_real
data\sdfvd2.0\not_real\fake_vs50_aug_6.mp4,fake_vs50_aug_6.mp4,not_real
data\sdfvd2.0\not_real\fake_vs50_aug_7.mp4,fake_vs50_aug_7.mp4,not_real
data\sdfvd2.0\not_real\fake_vs51_aug_0-we4gCS.mp4,fake_vs51_aug_0-we4gCS.mp4,not_real
data\sdfvd2.0\not_real\fake_vs51_aug_1-bDUVdw.mp4,fake_vs51_aug_1-bDUVdw.mp4,not_real
data\sdfvd2.0\not_real\fake_vs51_aug_2-vZLMaR.mp4,fake_vs51_aug_2-vZLMaR.mp4,not_real
data\sdfvd2.0\not_real\fake_vs51_aug_3-wdz2KL.mp4,fake_vs51_aug_3-wdz2KL.mp4,not_real
data\sdfvd2.0\not_real\fake_vs51_aug_4-eibWCJ.mp4,fake_vs51_aug_4-eibWCJ.mp4,not_real
data\sdfvd2.0\not_real\fake_vs51_aug_5-x4xv3P.mp4,fake_vs51_aug_5-x4xv3P.mp4,not_real
data\sdfvd2.0\not_real\fake_vs51_aug_6-L21Zcq.mp4,fake_vs51_aug_6-L21Zcq.mp4,not_real
data\sdfvd2.0\not_real\fake_vs51_aug_7-FgBsr5.mp4,fake_vs51_aug_7-FgBsr5.mp4,not_real
data\sdfvd2.0\not_real\fake_vs52_aug_0.mp4,fake_vs52_aug_0.mp4,not_real
data\sdfvd2.0\not_real\fake_vs52_aug_1.mp4,fake_vs52_aug_1.mp4,not_real
data\sdfvd2.0\not_real\fake_vs52_aug_2.mp4,fake_vs52_aug_2.mp4,not_real
data\sdfvd2.0\not_real\fake_vs52_aug_3.mp4,fake_vs52_aug_3.mp4,not_real
data\sdfvd2.0\not_real\fake_vs52_aug_4.mp4,fake_vs52_aug_4.mp4,not_real
data\sdfvd2.0\not_real\fake_vs52_aug_5.mp4,fake_vs52_aug_5.mp4,not_real
data\sdfvd2.0\not_real\fake_vs52_aug_6.mp4,fake_vs52_aug_6.mp4,not_real
data\sdfvd2.0\not_real\fake_vs52_aug_7.mp4,fake_vs52_aug_7.mp4,not_real
data\sdfvd2.0\not_real\fake_vs53_aug_0.mp4,fake_vs53_aug_0.mp4,not_real
data\sdfvd2.0\not_real\fake_vs53_aug_1.mp4,fake_vs53_aug_1.mp4,not_real
data\sdfvd2.0\not_real\fake_vs53_aug_2.mp4,fake_vs53_aug_2.mp4,not_real
data\sdfvd2.0\not_real\fake_vs53_aug_3.mp4,fake_vs53_aug_3.mp4,not_real
data\sdfvd2.0\not_real\fake_vs53_aug_4.mp4,fake_vs53_aug_4.mp4,not_real
data\sdfvd2.0\not_real\fake_vs53_aug_5.mp4,fake_vs53_aug_5.mp4,not_real
data\sdfvd2.0\not_real\fake_vs53_aug_6.mp4,fake_vs53_aug_6.mp4,not_real
data\sdfvd2.0\not_real\fake_vs53_aug_7.mp4,fake_vs53_aug_7.mp4,not_real
data\sdfvd2.0\not_real\fake_vs5_aug_0 - Copy-1UvBVV-cp8ogZ.mp4,fake_vs5_aug_0 - Copy-1UvBVV-cp8ogZ.mp4,not_real
data\sdfvd2.0\not_real\fake_vs5_aug_0-eBBB6C-TVmVFc-SqEZxh.mp4,fake_vs5_aug_0-eBBB6C-TVmVFc-SqEZxh.mp4,not_real
data\sdfvd2.0\not_real\fake_vs5_aug_1 - Copy-dUnQf0-xvVW5c.mp4,fake_vs5_aug_1 - Copy-dUnQf0-xvVW5c.mp4,not_real
data\sdfvd2.0\not_real\fake_vs5_aug_1-3hn0LR-HjQyIS.mp4,fake_vs5_aug_1-3hn0LR-HjQyIS.mp4,not_real
data\sdfvd2.0\not_real\fake_vs5_aug_2 - Copy-Tv53tr-gqnbOu-nUsN73.mp4,fake_vs5_aug_2 - Copy-Tv53tr-gqnbOu-nUsN73.mp4,not_real
data\sdfvd2.0\not_real\fake_vs5_aug_2-HfgGEr-H7QFVj.mp4,fake_vs5_aug_2-HfgGEr-H7QFVj.mp4,not_real
data\sdfvd2.0\not_real\fake_vs5_aug_3 - Copy-V3umPG-9pIInH-cKuvZT.mp4,fake_vs5_aug_3 - Copy-V3umPG-9pIInH-cKuvZT.mp4,not_real
data\sdfvd2.0\not_real\fake_vs5_aug_3-T4uRgy-DVPLJA.mp4,fake_vs5_aug_3-T4uRgy-DVPLJA.mp4,not_real
data\sdfvd2.0\not_real\fake_vs5_aug_4 - Copy-Don5DB-D0nB7b.mp4,fake_vs5_aug_4 - Copy-Don5DB-D0nB7b.mp4,not_real
data\sdfvd2.0\not_real\fake_vs5_aug_4-4aWqTT-c0dg97.mp4,fake_vs5_aug_4-4aWqTT-c0dg97.mp4,not_real
data\sdfvd2.0\not_real\fake_vs5_aug_5 - Copy-ueMxFf-vZ3OYu-XQGqTu.mp4,fake_vs5_aug_5 - Copy-ueMxFf-vZ3OYu-XQGqTu.mp4,not_real
data\sdfvd2.0\not_real\fake_vs5_aug_5-oyhVwO-WBSN53.mp4,fake_vs5_aug_5-oyhVwO-WBSN53.mp4,not_real
data\sdfvd2.0\not_real\fake_vs5_aug_6 - Copy-V7RnOv-An1SgU-zktAcc.mp4,fake_vs5_aug_6 - Copy-V7RnOv-An1SgU-zktAcc.mp4,not_real
data\sdfvd2.0\not_real\fake_vs5_aug_6-FB2Lo0-LCiqWM-bZ2FEf.mp4,fake_vs5_aug_6-FB2Lo0-LCiqWM-bZ2FEf.mp4,not_real
data\sdfvd2.0\not_real\fake_vs5_aug_7 - Copy-MjAqjh-4hsKVu-hnS0Um.mp4,fake_vs5_aug_7 - Copy-MjAqjh-4hsKVu-hnS0Um.mp4,not_real
data\sdfvd2.0\not_real\fake_vs5_aug_7-dtN7QC-m8lWQG.mp4,fake_vs5_aug_7-dtN7QC-m8lWQG.mp4,not_real
data\sdfvd2.0\not_real\fake_vs6_aug_0 - Copy-2uwbsT-6dGvHS.mp4,fake_vs6_aug_0 - Copy-2uwbsT-6dGvHS.mp4,not_real
data\sdfvd2.0\not_real\fake_vs6_aug_0-ri3Pu1-gnxDGN-IuvduL.mp4,fake_vs6_aug_0-ri3Pu1-gnxDGN-IuvduL.mp4,not_real
data\sdfvd2.0\not_real\fake_vs6_aug_1-ya9s20-FjAn2I-ME4c6i.mp4,fake_vs6_aug_1-ya9s20-FjAn2I-ME4c6i.mp4,not_real
data\sdfvd2.0\not_real\fake_vs6_aug_2-iiWH5H-NA2FCB-klM0T9.mp4,fake_vs6_aug_2-iiWH5H-NA2FCB-klM0T9.mp4,not_real
data\sdfvd2.0\not_real\fake_vs6_aug_3-gn5CE2-RQrOGy-J1c8ZV.mp4,fake_vs6_aug_3-gn5CE2-RQrOGy-J1c8ZV.mp4,not_real
data\sdfvd2.0\not_real\fake_vs6_aug_4-BM4JZo-DVgemQ.mp4,fake_vs6_aug_4-BM4JZo-DVgemQ.mp4,not_real
data\sdfvd2.0\not_real\fake_vs6_aug_5-uFirn0-3gyTq8-akSxVV.mp4,fake_vs6_aug_5-uFirn0-3gyTq8-akSxVV.mp4,not_real
data\sdfvd2.0\not_real\fake_vs6_aug_6-fkjw05-DAe95v.mp4,fake_vs6_aug_6-fkjw05-DAe95v.mp4,not_real
data\sdfvd2.0\not_real\fake_vs6_aug_7-YPeVxi-3E3nqk-PI7v6v.mp4,fake_vs6_aug_7-YPeVxi-3E3nqk-PI7v6v.mp4,not_real
data\sdfvd2.0\not_real\fake_vs7_aug_0-0qWAvv-VEmVNy-tMrWeF.mp4,fake_vs7_aug_0-0qWAvv-VEmVNy-tMrWeF.mp4,not_real
data\sdfvd2.0\not_real\fake_vs7_aug_1-2rZcU8-zWB14I-jd09Jo.mp4,fake_vs7_aug_1-2rZcU8-zWB14I-jd09Jo.mp4,not_real
data\sdfvd2.0\not_real\fake_vs7_aug_2-f0Tblt-7QJIDe-3dlVXN.mp4,fake_vs7_aug_2-f0Tblt-7QJIDe-3dlVXN.mp4,not_real
data\sdfvd2.0\not_real\fake_vs7_aug_3-lxrObw-hXumpB-CtvZxg.mp4,fake_vs7_aug_3-lxrObw-hXumpB-CtvZxg.mp4,not_real
data\sdfvd2.0\not_real\fake_vs7_aug_4-Or8lRA-ED1viU-RVMTzW.mp4,fake_vs7_aug_4-Or8lRA-ED1viU-RVMTzW.mp4,not_real
data\sdfvd2.0\not_real\fake_vs7_aug_5-W0yCXr-lsqMfc-X4kTS9.mp4,fake_vs7_aug_5-W0yCXr-lsqMfc-X4kTS9.mp4,not_real
data\sdfvd2.0\not_real\fake_vs7_aug_6-8bdd2v-uGLK2w-ryEaQy.mp4,fake_vs7_aug_6-8bdd2v-uGLK2w-ryEaQy.mp4,not_real
data\sdfvd2.0\not_real\fake_vs7_aug_7-MaWoJ5-2EIZeE-kTWqr1.mp4,fake_vs7_aug_7-MaWoJ5-2EIZeE-kTWqr1.mp4,not_real
data\sdfvd2.0\not_real\fake_vs8_aug_0-gMyEbP-HLMX4f-LKSXk3.mp4,fake_vs8_aug_0-gMyEbP-HLMX4f-LKSXk3.mp4,not_real
data\sdfvd2.0\not_real\fake_vs8_aug_1-CpCli9-kk8TOF.mp4,fake_vs8_aug_1-CpCli9-kk8TOF.mp4,not_real
data\sdfvd2.0\not_real\fake_vs8_aug_2-4B3ehL-fnOFwd.mp4,fake_vs8_aug_2-4B3ehL-fnOFwd.mp4,not_real
data\sdfvd2.0\not_real\fake_vs8_aug_3-0Ow2PP-oPoYXx-lQXiVp.mp4,fake_vs8_aug_3-0Ow2PP-oPoYXx-lQXiVp.mp4,not_real
data\sdfvd2.0\not_real\fake_vs8_aug_4-38NZpn-BJx8eh-ZIouK4.mp4,fake_vs8_aug_4-38NZpn-BJx8eh-ZIouK4.mp4,not_real
data\sdfvd2.0\not_real\fake_vs8_aug_5-EV9CCJ.mp4,fake_vs8_aug_5-EV9CCJ.mp4,not_real
data\sdfvd2.0\not_real\fake_vs9_aug_0-8RxBgQ-yKNLMp-7HyiS1.mp4,fake_vs9_aug_0-8RxBgQ-yKNLMp-7HyiS1.mp4,not_real
data\sdfvd2.0\not_real\fake_vs9_aug_1-iX7UCc-NDd6Zt-RnJM9j.mp4,fake_vs9_aug_1-iX7UCc-NDd6Zt-RnJM9j.mp4,not_real
data\sdfvd2.0\not_real\fake_vs9_aug_2-lR9zpg-BGY8o2-lRfqj4.mp4,fake_vs9_aug_2-lR9zpg-BGY8o2-lRfqj4.mp4,not_real
data\sdfvd2.0\not_real\fake_vs9_aug_3-ISQ4lD-2mBOHv-DC0aHv.mp4,fake_vs9_aug_3-ISQ4lD-2mBOHv-DC0aHv.mp4,not_real
data\sdfvd2.0\not_real\fake_vs9_aug_4-SHpzA8-ok6Uvs-cuhUDl.mp4,fake_vs9_aug_4-SHpzA8-ok6Uvs-cuhUDl.mp4,not_real
data\sdfvd2.0\not_real\fake_vs9_aug_5-qno8qh-jSc88E-tVJbau.mp4,fake_vs9_aug_5-qno8qh-jSc88E-tVJbau.mp4,not_real
data\sdfvd2.0\not_real\fake_vs9_aug_6-HWqqnk-gV67wT.mp4,fake_vs9_aug_6-HWqqnk-gV67wT.mp4,not_real
data\sdfvd2.0\not_real\fake_vs9_aug_7-JDPWjj-Obd1jz.mp4,fake_vs9_aug_7-JDPWjj-Obd1jz.mp4,not_real
data\sdfvd2.0\not_real\vs1.mp4,vs1.mp4,not_real
data\sdfvd2.0\not_real\vs10.mp4,vs10.mp4,not_real
data\sdfvd2.0\not_real\vs11.mp4,vs11.mp4,not_real
data\sdfvd2.0\not_real\vs12.mp4,vs12.mp4,not_real
data\sdfvd2.0\not_real\vs13.mp4,vs13.mp4,not_real
data\sdfvd2.0\not_real\vs14.mp4,vs14.mp4,not_real
data\sdfvd2.0\not_real\vs15.mp4,vs15.mp4,not_real
data\sdfvd2.0\not_real\vs16.mp4,vs16.mp4,not_real
data\sdfvd2.0\not_real\vs17.mp4,vs17.mp4,not_real
data\sdfvd2.0\not_real\vs18.mp4,vs18.mp4,not_real
data\sdfvd2.0\not_real\vs19.mp4,vs19.mp4,not_real
data\sdfvd2.0\not_real\vs2.mp4,vs2.mp4,not_real
data\sdfvd2.0\not_real\vs20.mp4,vs20.mp4,not_real
data\sdfvd2.0\not_real\vs21.mp4,vs21.mp4,not_real
data\sdfvd2.0\not_real\vs22.mp4,vs22.mp4,not_real
data\sdfvd2.0\not_real\vs23.mp4,vs23.mp4,not_real
data\sdfvd2.0\not_real\vs24.mp4,vs24.mp4,not_real
data\sdfvd2.0\not_real\vs25.mp4,vs25.mp4,not_real
data\sdfvd2.0\not_real\vs26.mp4,vs26.mp4,not_real
data\sdfvd2.0\not_real\vs27.mp4,vs27.mp4,not_real
data\sdfvd2.0\not_real\vs28.mp4,vs28.mp4,not_real
data\sdfvd2.0\not_real\vs29.mp4,vs29.mp4,not_real
data\sdfvd2.0\not_real\vs3.mp4,vs3.mp4,not_real
data\sdfvd2.0\not_real\vs30.mp4,vs30.mp4,not_real
data\sdfvd2.0\not_real\vs31.mp4,vs31.mp4,not_real
data\sdfvd2.0\not_real\vs32.mp4,vs32.mp4,not_real
data\sdfvd2.0\not_real\vs33.mp4,vs33.mp4,not_real
data\sdfvd2.0\not_real\vs34.mp4,vs34.mp4,not_real
data\sdfvd2.0\not_real\vs35.mp4,vs35.mp4,not_real
data\sdfvd2.0\not_real\vs36.mp4,vs36.mp4,not_real
data\sdfvd2.0\not_real\vs37.mp4,vs37.mp4,not_real
data\sdfvd2.0\not_real\vs38.mp4,vs38.mp4,not_real
data\sdfvd2.0\not_real\vs39.mp4,vs39.mp4,not_real
data\sdfvd2.0\not_real\vs4.mp4,vs4.mp4,not_real
data\sdfvd2.0\not_real\vs40.mp4,vs40.mp4,not_real
data\sdfvd2.0\not_real\vs41.mp4,vs41.mp4,not_real
data\sdfvd2.0\not_real\vs42.mp4,vs42.mp4,not_real
data\sdfvd2.0\not_real\vs43.mp4,vs43.mp4,not_real
data\sdfvd2.0\not_real\vs44.mp4,vs44.mp4,not_real
data\sdfvd2.0\not_real\vs45.mp4,vs45.mp4,not_real
data\sdfvd2.0\not_real\vs46.mp4,vs46.mp4,not_real
data\sdfvd2.0\not_real\vs47.mp4,vs47.mp4,not_real
data\sdfvd2.0\not_real\vs48.mp4,vs48.mp4,not_real
data\sdfvd2.0\not_real\vs49.mp4,vs49.mp4,not_real
data\sdfvd2.0\not_real\vs5.mp4,vs5.mp4,not_real
data\sdfvd2.0\not_real\vs50.mp4,vs50.mp4,not_real
data\sdfvd2.0\not_real\vs51.mp4,vs51.mp4,not_real
data\sdfvd2.0\not_real\vs52.mp4,vs52.mp4,not_real
data\sdfvd2.0\not_real\vs53.mp4,vs53.mp4,not_real
data\sdfvd2.0\not_real\vs6.mp4,vs6.mp4,not_real
data\sdfvd2.0\not_real\vs7.mp4,vs7.mp4,not_real
data\sdfvd2.0\not_real\vs8.mp4,vs8.mp4,not_real
data\sdfvd2.0\not_real\vs9.mp4,vs9.mp4,not_real
data\sdfvd2.0\real\real_v10_aug_0.mp4,real_v10_aug_0.mp4,real
data\sdfvd2.0\real\real_v10_aug_1.mp4,real_v10_aug_1.mp4,real
data\sdfvd2.0\real\real_v10_aug_2.mp4,real_v10_aug_2.mp4,real
data\sdfvd2.0\real\real_v10_aug_3.mp4,real_v10_aug_3.mp4,real
data\sdfvd2.0\real\real_v10_aug_4.mp4,real_v10_aug_4.mp4,real
data\sdfvd2.0\real\real_v10_aug_6.mp4,real_v10_aug_6.mp4,real
data\sdfvd2.0\real\real_v11_aug_0.mp4,real_v11_aug_0.mp4,real
data\sdfvd2.0\real\real_v11_aug_1.mp4,real_v11_aug_1.mp4,real
data\sdfvd2.0\real\real_v11_aug_2.mp4,real_v11_aug_2.mp4,real
data\sdfvd2.0\real\real_v11_aug_3.mp4,real_v11_aug_3.mp4,real
data\sdfvd2.0\real\real_v11_aug_4.mp4,real_v11_aug_4.mp4,real
data\sdfvd2.0\real\real_v11_aug_5.mp4,real_v11_aug_5.mp4,real
data\sdfvd2.0\real\real_v11_aug_6.mp4,real_v11_aug_6.mp4,real
data\sdfvd2.0\real\real_v11_aug_7.mp4,real_v11_aug_7.mp4,real
data\sdfvd2.0\real\real_v12_aug_0.mp4,real_v12_aug_0.mp4,real
data\sdfvd2.0\real\real_v12_aug_1.mp4,real_v12_aug_1.mp4,real
data\sdfvd2.0\real\real_v12_aug_2.mp4,real_v12_aug_2.mp4,real
data\sdfvd2.0\real\real_v12_aug_3.mp4,real_v12_aug_3.mp4,real
data\sdfvd2.0\real\real_v12_aug_4.mp4,real_v12_aug_4.mp4,real
data\sdfvd2.0\real\real_v12_aug_5.mp4,real_v12_aug_5.mp4,real
data\sdfvd2.0\real\real_v12_aug_6.mp4,real_v12_aug_6.mp4,real
data\sdfvd2.0\real\real_v12_aug_7.mp4,real_v12_aug_7.mp4,real
data\sdfvd2.0\real\real_v13_aug_0.mp4,real_v13_aug_0.mp4,real
data\sdfvd2.0\real\real_v13_aug_1.mp4,real_v13_aug_1.mp4,real
data\sdfvd2.0\real\real_v13_aug_2.mp4,real_v13_aug_2.mp4,real
data\sdfvd2.0\real\real_v13_aug_3.mp4,real_v13_aug_3.mp4,real
data\sdfvd2.0\real\real_v13_aug_4.mp4,real_v13_aug_4.mp4,real
data\sdfvd2.0\real\real_v13_aug_5.mp4,real_v13_aug_5.mp4,real
data\sdfvd2.0\real\real_v13_aug_6.mp4,real_v13_aug_6.mp4,real
data\sdfvd2.0\real\real_v13_aug_7.mp4,real_v13_aug_7.mp4,real
data\sdfvd2.0\real\real_v14_aug_0.mp4,real_v14_aug_0.mp4,real
data\sdfvd2.0\real\real_v14_aug_1.mp4,real_v14_aug_1.mp4,real
data\sdfvd2.0\real\real_v14_aug_2.mp4,real_v14_aug_2.mp4,real
data\sdfvd2.0\real\real_v14_aug_3.mp4,real_v14_aug_3.mp4,real
data\sdfvd2.0\real\real_v14_aug_4.mp4,real_v14_aug_4.mp4,real
data\sdfvd2.0\real\real_v14_aug_5.mp4,real_v14_aug_5.mp4,real
data\sdfvd2.0\real\real_v15_aug_0.mp4,real_v15_aug_0.mp4,real
data\sdfvd2.0\real\real_v15_aug_1.mp4,real_v15_aug_1.mp4,real
data\sdfvd2.0\real\real_v15_aug_2.mp4,real_v15_aug_2.mp4,real
data\sdfvd2.0\real\real_v15_aug_3.mp4,real_v15_aug_3.mp4,real
data\sdfvd2.0\real\real_v15_aug_4.mp4,real_v15_aug_4.mp4,real
data\sdfvd2.0\real\real_v15_aug_5.mp4,real_v15_aug_5.mp4,real
data\sdfvd2.0\real\real_v16_aug_0.mp4,real_v16_aug_0.mp4,real
data\sdfvd2.0\real\real_v16_aug_1.mp4,real_v16_aug_1.mp4,real
data\sdfvd2.0\real\real_v16_aug_2.mp4,real_v16_aug_2.mp4,real
data\sdfvd2.0\real\real_v16_aug_3.mp4,real_v16_aug_3.mp4,real
data\sdfvd2.0\real\real_v16_aug_4.mp4,real_v16_aug_4.mp4,real
data\sdfvd2.0\real\real_v16_aug_5.mp4,real_v16_aug_5.mp4,real
data\sdfvd2.0\real\real_v16_aug_6.mp4,real_v16_aug_6.mp4,real
data\sdfvd2.0\real\real_v16_aug_7.mp4,real_v16_aug_7.mp4,real
data\sdfvd2.0\real\real_v17_aug_0.mp4,real_v17_aug_0.mp4,real
data\sdfvd2.0\real\real_v17_aug_1.mp4,real_v17_aug_1.mp4,real
data\sdfvd2.0\real\real_v17_aug_2.mp4,real_v17_aug_2.mp4,real
data\sdfvd2.0\real\real_v17_aug_3.mp4,real_v17_aug_3.mp4,real
data\sdfvd2.0\real\real_v17_aug_4.mp4,real_v17_aug_4.mp4,real
data\sdfvd2.0\real\real_v17_aug_5.mp4,real_v17_aug_5.mp4,real
data\sdfvd2.0\real\real_v17_aug_6.mp4,real_v17_aug_6.mp4,real
data\sdfvd2.0\real\real_v17_aug_7.mp4,real_v17_aug_7.mp4,real
data\sdfvd2.0\real\real_v18_aug_0.mp4,real_v18_aug_0.mp4,real
data\sdfvd2.0\real\real_v18_aug_1.mp4,real_v18_aug_1.mp4,real
data\sdfvd2.0\real\real_v18_aug_2.mp4,real_v18_aug_2.mp4,real
data\sdfvd2.0\real\real_v18_aug_3.mp4,real_v18_aug_3.mp4,real
data\sdfvd2.0\real\real_v18_aug_4.mp4,real_v18_aug_4.mp4,real
data\sdfvd2.0\real\real_v18_aug_5.mp4,real_v18_aug_5.mp4,real
data\sdfvd2.0\real\real_v18_aug_6.mp4,real_v18_aug_6.mp4,real
data\sdfvd2.0\real\real_v18_aug_7.mp4,real_v18_aug_7.mp4,real
data\sdfvd2.0\real\real_v19_aug_0.mp4,real_v19_aug_0.mp4,real
data\sdfvd2.0\real\real_v19_aug_1.mp4,real_v19_aug_1.mp4,real
data\sdfvd2.0\real\real_v19_aug_2.mp4,real_v19_aug_2.mp4,real
data\sdfvd2.0\real\real_v19_aug_3.mp4,real_v19_aug_3.mp4,real
data\sdfvd2.0\real\real_v19_aug_4.mp4,real_v19_aug_4.mp4,real
data\sdfvd2.0\real\real_v19_aug_5.mp4,real_v19_aug_5.mp4,real
data\sdfvd2.0\real\real_v19_aug_6.mp4,real_v19_aug_6.mp4,real
data\sdfvd2.0\real\real_v19_aug_7.mp4,real_v19_aug_7.mp4,real
data\sdfvd2.0\real\real_v1_aug_0.mp4,real_v1_aug_0.mp4,real
data\sdfvd2.0\real\real_v1_aug_1.mp4,real_v1_aug_1.mp4,real
data\sdfvd2.0\real\real_v1_aug_2.mp4,real_v1_aug_2.mp4,real
data\sdfvd2.0\real\real_v1_aug_3.mp4,real_v1_aug_3.mp4,real
data\sdfvd2.0\real\real_v1_aug_4.mp4,real_v1_aug_4.mp4,real
data\sdfvd2.0\real\real_v1_aug_5.mp4,real_v1_aug_5.mp4,real
data\sdfvd2.0\real\real_v1_aug_6.mp4,real_v1_aug_6.mp4,real
data\sdfvd2.0\real\real_v1_aug_7.mp4,real_v1_aug_7.mp4,real
data\sdfvd2.0\real\real_v20_aug_0.mp4,real_v20_aug_0.mp4,real
data\sdfvd2.0\real\real_v20_aug_1.mp4,real_v20_aug_1.mp4,real
data\sdfvd2.0\real\real_v20_aug_2.mp4,real_v20_aug_2.mp4,real
data\sdfvd2.0\real\real_v20_aug_3.mp4,real_v20_aug_3.mp4,real
data\sdfvd2.0\real\real_v20_aug_4.mp4,real_v20_aug_4.mp4,real
data\sdfvd2.0\real\real_v20_aug_5.mp4,real_v20_aug_5.mp4,real
data\sdfvd2.0\real\real_v20_aug_6.mp4,real_v20_aug_6.mp4,real
data\sdfvd2.0\real\real_v20_aug_7.mp4,real_v20_aug_7.mp4,real
data\sdfvd2.0\real\real_v21_aug_0.mp4,real_v21_aug_0.mp4,real
data\sdfvd2.0\real\real_v21_aug_1.mp4,real_v21_aug_1.mp4,real
data\sdfvd2.0\real\real_v21_aug_2.mp4,real_v21_aug_2.mp4,real
data\sdfvd2.0\real\real_v21_aug_3.mp4,real_v21_aug_3.mp4,real
data\sdfvd2.0\real\real_v21_aug_4.mp4,real_v21_aug_4.mp4,real
data\sdfvd2.0\real\real_v21_aug_5.mp4,real_v21_aug_5.mp4,real
data\sdfvd2.0\real\real_v21_aug_6.mp4,real_v21_aug_6.mp4,real
data\sdfvd2.0\real\real_v21_aug_7.mp4,real_v21_aug_7.mp4,real
data\sdfvd2.0\real\real_v22_aug_0.mp4,real_v22_aug_0.mp4,real
data\sdfvd2.0\real\real_v22_aug_1.mp4,real_v22_aug_1.mp4,real
data\sdfvd2.0\real\real_v22_aug_2.mp4,real_v22_aug_2.mp4,real
data\sdfvd2.0\real\real_v22_aug_3.mp4,real_v22_aug_3.mp4,real
data\sdfvd2.0\real\real_v22_aug_4.mp4,real_v22_aug_4.mp4,real
data\sdfvd2.0\real\real_v22_aug_5.mp4,real_v22_aug_5.mp4,real
data\sdfvd2.0\real\real_v22_aug_6.mp4,real_v22_aug_6.mp4,real
data\sdfvd2.0\real\real_v22_aug_7.mp4,real_v22_aug_7.mp4,real
data\sdfvd2.0\real\real_v23_aug_0.mp4,real_v23_aug_0.mp4,real
data\sdfvd2.0\real\real_v23_aug_1.mp4,real_v23_aug_1.mp4,real
data\sdfvd2.0\real\real_v23_aug_2.mp4,real_v23_aug_2.mp4,real
data\sdfvd2.0\real\real_v23_aug_5.mp4,real_v23_aug_5.mp4,real
data\sdfvd2.0\real\real_v23_aug_7.mp4,real_v23_aug_7.mp4,real
data\sdfvd2.0\real\real_v24_aug_0.mp4,real_v24_aug_0.mp4,real
data\sdfvd2.0\real\real_v24_aug_1.mp4,real_v24_aug_1.mp4,real
data\sdfvd2.0\real\real_v24_aug_2.mp4,real_v24_aug_2.mp4,real
data\sdfvd2.0\real\real_v24_aug_3.mp4,real_v24_aug_3.mp4,real
data\sdfvd2.0\real\real_v24_aug_4.mp4,real_v24_aug_4.mp4,real
data\sdfvd2.0\real\real_v24_aug_5.mp4,real_v24_aug_5.mp4,real
data\sdfvd2.0\real\real_v25_aug_0.mp4,real_v25_aug_0.mp4,real
data\sdfvd2.0\real\real_v25_aug_1.mp4,real_v25_aug_1.mp4,real
data\sdfvd2.0\real\real_v25_aug_2.mp4,real_v25_aug_2.mp4,real
data\sdfvd2.0\real\real_v25_aug_3.mp4,real_v25_aug_3.mp4,real
data\sdfvd2.0\real\real_v25_aug_4.mp4,real_v25_aug_4.mp4,real
data\sdfvd2.0\real\real_v25_aug_5.mp4,real_v25_aug_5.mp4,real
data\sdfvd2.0\real\real_v25_aug_6.mp4,real_v25_aug_6.mp4,real
data\sdfvd2.0\real\real_v25_aug_7.mp4,real_v25_aug_7.mp4,real
data\sdfvd2.0\real\real_v26_aug_0.mp4,real_v26_aug_0.mp4,real
data\sdfvd2.0\real\real_v26_aug_1.mp4,real_v26_aug_1.mp4,real
data\sdfvd2.0\real\real_v26_aug_2.mp4,real_v26_aug_2.mp4,real
data\sdfvd2.0\real\real_v26_aug_3.mp4,real_v26_aug_3.mp4,real
data\sdfvd2.0\real\real_v26_aug_4.mp4,real_v26_aug_4.mp4,real
data\sdfvd2.0\real\real_v26_aug_5.mp4,real_v26_aug_5.mp4,real
data\sdfvd2.0\real\real_v26_aug_6.mp4,real_v26_aug_6.mp4,real
data\sdfvd2.0\real\real_v26_aug_7.mp4,real_v26_aug_7.mp4,real
data\sdfvd2.0\real\real_v27_aug_0.mp4,real_v27_aug_0.mp4,real
data\sdfvd2.0\real\real_v27_aug_1.mp4,real_v27_aug_1.mp4,real
data\sdfvd2.0\real\real_v27_aug_2.mp4,real_v27_aug_2.mp4,real
data\sdfvd2.0\real\real_v27_aug_3.mp4,real_v27_aug_3.mp4,real
data\sdfvd2.0\real\real_v27_aug_4.mp4,real_v27_aug_4.mp4,real
data\sdfvd2.0\real\real_v27_aug_5.mp4,real_v27_aug_5.mp4,real
data\sdfvd2.0\real\real_v27_aug_6.mp4,real_v27_aug_6.mp4,real
data\sdfvd2.0\real\real_v27_aug_7.mp4,real_v27_aug_7.mp4,real
data\sdfvd2.0\real\real_v28_aug_0.mp4,real_v28_aug_0.mp4,real
data\sdfvd2.0\real\real_v28_aug_1.mp4,real_v28_aug_1.mp4,real
data\sdfvd2.0\real\real_v28_aug_2.mp4,real_v28_aug_2.mp4,real
data\sdfvd2.0\real\real_v28_aug_3.mp4,real_v28_aug_3.mp4,real
data\sdfvd2.0\real\real_v28_aug_4.mp4,real_v28_aug_4.mp4,real
data\sdfvd2.0\real\real_v28_aug_5.mp4,real_v28_aug_5.mp4,real
data\sdfvd2.0\real\real_v29_aug_0.mp4,real_v29_aug_0.mp4,real
data\sdfvd2.0\real\real_v29_aug_1.mp4,real_v29_aug_1.mp4,real
data\sdfvd2.0\real\real_v29_aug_2.mp4,real_v29_aug_2.mp4,real
data\sdfvd2.0\real\real_v29_aug_3.mp4,real_v29_aug_3.mp4,real
data\sdfvd2.0\real\real_v29_aug_4.mp4,real_v29_aug_4.mp4,real
data\sdfvd2.0\real\real_v29_aug_5.mp4,real_v29_aug_5.mp4,real
data\sdfvd2.0\real\real_v29_aug_6.mp4,real_v29_aug_6.mp4,real
data\sdfvd2.0\real\real_v29_aug_7.mp4,real_v29_aug_7.mp4,real
data\sdfvd2.0\real\real_v2_aug_0.mp4,real_v2_aug_0.mp4,real
data\sdfvd2.0\real\real_v2_aug_1.mp4,real_v2_aug_1.mp4,real
data\sdfvd2.0\real\real_v2_aug_2.mp4,real_v2_aug_2.mp4,real
data\sdfvd2.0\real\real_v2_aug_3.mp4,real_v2_aug_3.mp4,real
data\sdfvd2.0\real\real_v2_aug_4.mp4,real_v2_aug_4.mp4,real
data\sdfvd2.0\real\real_v2_aug_5.mp4,real_v2_aug_5.mp4,real
data\sdfvd2.0\real\real_v2_aug_6.mp4,real_v2_aug_6.mp4,real
data\sdfvd2.0\real\real_v2_aug_7.mp4,real_v2_aug_7.mp4,real
data\sdfvd2.0\real\real_v30_aug_0.mp4,real_v30_aug_0.mp4,real
data\sdfvd2.0\real\real_v30_aug_1.mp4,real_v30_aug_1.mp4,real
data\sdfvd2.0\real\real_v30_aug_2.mp4,real_v30_aug_2.mp4,real
data\sdfvd2.0\real\real_v30_aug_3.mp4,real_v30_aug_3.mp4,real
data\sdfvd2.0\real\real_v30_aug_4.mp4,real_v30_aug_4.mp4,real
data\sdfvd2.0\real\real_v30_aug_5.mp4,real_v30_aug_5.mp4,real
data\sdfvd2.0\real\real_v31_aug_0.mp4,real_v31_aug_0.mp4,real
data\sdfvd2.0\real\real_v31_aug_1.mp4,real_v31_aug_1.mp4,real
data\sdfvd2.0\real\real_v31_aug_2.mp4,real_v31_aug_2.mp4,real
data\sdfvd2.0\real\real_v31_aug_3.mp4,real_v31_aug_3.mp4,real
data\sdfvd2.0\real\real_v31_aug_4.mp4,real_v31_aug_4.mp4,real
data\sdfvd2.0\real\real_v31_aug_5.mp4,real_v31_aug_5.mp4,real
data\sdfvd2.0\real\real_v32_aug_0.mp4,real_v32_aug_0.mp4,real
data\sdfvd2.0\real\real_v32_aug_1.mp4,real_v32_aug_1.mp4,real
data\sdfvd2.0\real\real_v32_aug_2.mp4,real_v32_aug_2.mp4,real
data\sdfvd2.0\real\real_v32_aug_3.mp4,real_v32_aug_3.mp4,real
data\sdfvd2.0\real\real_v32_aug_4.mp4,real_v32_aug_4.mp4,real
data\sdfvd2.0\real\real_v32_aug_5.mp4,real_v32_aug_5.mp4,real
data\sdfvd2.0\real\real_v33_aug_0.mp4,real_v33_aug_0.mp4,real
data\sdfvd2.0\real\real_v33_aug_1.mp4,real_v33_aug_1.mp4,real
data\sdfvd2.0\real\real_v33_aug_2.mp4,real_v33_aug_2.mp4,real
data\sdfvd2.0\real\real_v33_aug_3.mp4,real_v33_aug_3.mp4,real
data\sdfvd2.0\real\real_v33_aug_4.mp4,real_v33_aug_4.mp4,real
data\sdfvd2.0\real\real_v33_aug_5.mp4,real_v33_aug_5.mp4,real
data\sdfvd2.0\real\real_v33_aug_6.mp4,real_v33_aug_6.mp4,real
data\sdfvd2.0\real\real_v33_aug_7.mp4,real_v33_aug_7.mp4,real
data\sdfvd2.0\real\real_v34_aug_0.mp4,real_v34_aug_0.mp4,real
data\sdfvd2.0\real\real_v34_aug_1.mp4,real_v34_aug_1.mp4,real
data\sdfvd2.0\real\real_v34_aug_2.mp4,real_v34_aug_2.mp4,real
data\sdfvd2.0\real\real_v34_aug_3.mp4,real_v34_aug_3.mp4,real
data\sdfvd2.0\real\real_v34_aug_4.mp4,real_v34_aug_4.mp4,real
data\sdfvd2.0\real\real_v34_aug_5.mp4,real_v34_aug_5.mp4,real
data\sdfvd2.0\real\real_v34_aug_6.mp4,real_v34_aug_6.mp4,real
data\sdfvd2.0\real\real_v34_aug_7.mp4,real_v34_aug_7.mp4,real
data\sdfvd2.0\real\real_v35_aug_0.mp4,real_v35_aug_0.mp4,real
data\sdfvd2.0\real\real_v35_aug_1.mp4,real_v35_aug_1.mp4,real
data\sdfvd2.0\real\real_v35_aug_2.mp4,real_v35_aug_2.mp4,real
data\sdfvd2.0\real\real_v35_aug_3.mp4,real_v35_aug_3.mp4,real
data\sdfvd2.0\real\real_v35_aug_4.mp4,real_v35_aug_4.mp4,real
data\sdfvd2.0\real\real_v35_aug_5.mp4,real_v35_aug_5.mp4,real
data\sdfvd2.0\real\real_v35_aug_6.mp4,real_v35_aug_6.mp4,real
data\sdfvd2.0\real\real_v35_aug_7.mp4,real_v35_aug_7.mp4,real
data\sdfvd2.0\real\real_v36_aug_0.mp4,real_v36_aug_0.mp4,real
data\sdfvd2.0\real\real_v36_aug_1.mp4,real_v36_aug_1.mp4,real
data\sdfvd2.0\real\real_v36_aug_2.mp4,real_v36_aug_2.mp4,real
data\sdfvd2.0\real\real_v36_aug_3.mp4,real_v36_aug_3.mp4,real
data\sdfvd2.0\real\real_v36_aug_4.mp4,real_v36_aug_4.mp4,real
data\sdfvd2.0\real\real_v36_aug_5.mp4,real_v36_aug_5.mp4,real
data\sdfvd2.0\real\real_v36_aug_6.mp4,real_v36_aug_6.mp4,real
data\sdfvd2.0\real\real_v36_aug_7.mp4,real_v36_aug_7.mp4,real
data\sdfvd2.0\real\real_v37_aug_0.mp4,real_v37_aug_0.mp4,real
data\sdfvd2.0\real\real_v37_aug_1.mp4,real_v37_aug_1.mp4,real
data\sdfvd2.0\real\real_v37_aug_2.mp4,real_v37_aug_2.mp4,real
data\sdfvd2.0\real\real_v37_aug_3.mp4,real_v37_aug_3.mp4,real
data\sdfvd2.0\real\real_v37_aug_4.mp4,real_v37_aug_4.mp4,real
data\sdfvd2.0\real\real_v37_aug_5.mp4,real_v37_aug_5.mp4,real
data\sdfvd2.0\real\real_v37_aug_6.mp4,real_v37_aug_6.mp4,real
data\sdfvd2.0\real\real_v37_aug_7.mp4,real_v37_aug_7.mp4,real
data\sdfvd2.0\real\real_v38_aug_0.mp4,real_v38_aug_0.mp4,real
data\sdfvd2.0\real\real_v38_aug_1.mp4,real_v38_aug_1.mp4,real
data\sdfvd2.0\real\real_v38_aug_2.mp4,real_v38_aug_2.mp4,real
data\sdfvd2.0\real\real_v38_aug_3.mp4,real_v38_aug_3.mp4,real
data\sdfvd2.0\real\real_v38_aug_4.mp4,real_v38_aug_4.mp4,real
data\sdfvd2.0\real\real_v38_aug_5.mp4,real_v38_aug_5.mp4,real
data\sdfvd2.0\real\real_v38_aug_6.mp4,real_v38_aug_6.mp4,real
data\sdfvd2.0\real\real_v38_aug_7.mp4,real_v38_aug_7.mp4,real
data\sdfvd2.0\real\real_v39_aug_0.mp4,real_v39_aug_0.mp4,real
data\sdfvd2.0\real\real_v39_aug_1.mp4,real_v39_aug_1.mp4,real
data\sdfvd2.0\real\real_v39_aug_2.mp4,real_v39_aug_2.mp4,real
data\sdfvd2.0\real\real_v39_aug_3.mp4,real_v39_aug_3.mp4,real
data\sdfvd2.0\real\real_v39_aug_4.mp4,real_v39_aug_4.mp4,real
data\sdfvd2.0\real\real_v39_aug_5.mp4,real_v39_aug_5.mp4,real
data\sdfvd2.0\real\real_v39_aug_6.mp4,real_v39_aug_6.mp4,real
data\sdfvd2.0\real\real_v39_aug_7.mp4,real_v39_aug_7.mp4,real
data\sdfvd2.0\real\real_v3_aug_0.mp4,real_v3_aug_0.mp4,real
data\sdfvd2.0\real\real_v3_aug_1.mp4,real_v3_aug_1.mp4,real
data\sdfvd2.0\real\real_v3_aug_2.mp4,real_v3_aug_2.mp4,real
data\sdfvd2.0\real\real_v3_aug_3.mp4,real_v3_aug_3.mp4,real
data\sdfvd2.0\real\real_v3_aug_4.mp4,real_v3_aug_4.mp4,real
data\sdfvd2.0\real\real_v3_aug_5.mp4,real_v3_aug_5.mp4,real
data\sdfvd2.0\real\real_v3_aug_6.mp4,real_v3_aug_6.mp4,real
data\sdfvd2.0\real\real_v3_aug_7.mp4,real_v3_aug_7.mp4,real
data\sdfvd2.0\real\real_v40_aug_0.mp4,real_v40_aug_0.mp4,real
data\sdfvd2.0\real\real_v40_aug_1.mp4,real_v40_aug_1.mp4,real
data\sdfvd2.0\real\real_v40_aug_2.mp4,real_v40_aug_2.mp4,real
data\sdfvd2.0\real\real_v40_aug_3.mp4,real_v40_aug_3.mp4,real
data\sdfvd2.0\real\real_v40_aug_4.mp4,real_v40_aug_4.mp4,real
data\sdfvd2.0\real\real_v40_aug_5.mp4,real_v40_aug_5.mp4,real
data\sdfvd2.0\real\real_v40_aug_6.mp4,real_v40_aug_6.mp4,real
data\sdfvd2.0\real\real_v40_aug_7.mp4,real_v40_aug_7.mp4,real
data\sdfvd2.0\real\real_v41_aug_0.mp4,real_v41_aug_0.mp4,real
data\sdfvd2.0\real\real_v41_aug_1.mp4,real_v41_aug_1.mp4,real
data\sdfvd2.0\real\real_v41_aug_2.mp4,real_v41_aug_2.mp4,real
data\sdfvd2.0\real\real_v41_aug_3.mp4,real_v41_aug_3.mp4,real
data\sdfvd2.0\real\real_v41_aug_4.mp4,real_v41_aug_4.mp4,real
data\sdfvd2.0\real\real_v41_aug_5.mp4,real_v41_aug_5.mp4,real
data\sdfvd2.0\real\real_v41_aug_6.mp4,real_v41_aug_6.mp4,real
data\sdfvd2.0\real\real_v41_aug_7.mp4,real_v41_aug_7.mp4,real
data\sdfvd2.0\real\real_v42_aug_0.mp4,real_v42_aug_0.mp4,real
data\sdfvd2.0\real\real_v42_aug_1.mp4,real_v42_aug_1.mp4,real
data\sdfvd2.0\real\real_v42_aug_2.mp4,real_v42_aug_2.mp4,real
data\sdfvd2.0\real\real_v42_aug_3.mp4,real_v42_aug_3.mp4,real
data\sdfvd2.0\real\real_v42_aug_4.mp4,real_v42_aug_4.mp4,real
data\sdfvd2.0\real\real_v42_aug_5.mp4,real_v42_aug_5.mp4,real
data\sdfvd2.0\real\real_v42_aug_6.mp4,real_v42_aug_6.mp4,real
data\sdfvd2.0\real\real_v42_aug_7.mp4,real_v42_aug_7.mp4,real
data\sdfvd2.0\real\real_v43_aug_0.mp4,real_v43_aug_0.mp4,real
data\sdfvd2.0\real\real_v43_aug_1.mp4,real_v43_aug_1.mp4,real
data\sdfvd2.0\real\real_v43_aug_2.mp4,real_v43_aug_2.mp4,real
data\sdfvd2.0\real\real_v43_aug_3.mp4,real_v43_aug_3.mp4,real
data\sdfvd2.0\real\real_v43_aug_4.mp4,real_v43_aug_4.mp4,real
data\sdfvd2.0\real\real_v43_aug_5.mp4,real_v43_aug_5.mp4,real
data\sdfvd2.0\real\real_v43_aug_6.mp4,real_v43_aug_6.mp4,real
data\sdfvd2.0\real\real_v43_aug_7.mp4,real_v43_aug_7.mp4,real
data\sdfvd2.0\real\real_v44_aug_0.mp4,real_v44_aug_0.mp4,real
data\sdfvd2.0\real\real_v44_aug_1.mp4,real_v44_aug_1.mp4,real
data\sdfvd2.0\real\real_v44_aug_2.mp4,real_v44_aug_2.mp4,real
data\sdfvd2.0\real\real_v44_aug_3.mp4,real_v44_aug_3.mp4,real
data\sdfvd2.0\real\real_v44_aug_4.mp4,real_v44_aug_4.mp4,real
data\sdfvd2.0\real\real_v44_aug_5.mp4,real_v44_aug_5.mp4,real
data\sdfvd2.0\real\real_v44_aug_6.mp4,real_v44_aug_6.mp4,real
data\sdfvd2.0\real\real_v44_aug_7.mp4,real_v44_aug_7.mp4,real
data\sdfvd2.0\real\real_v45_aug_0.mp4,real_v45_aug_0.mp4,real
data\sdfvd2.0\real\real_v45_aug_1.mp4,real_v45_aug_1.mp4,real
data\sdfvd2.0\real\real_v45_aug_2.mp4,real_v45_aug_2.mp4,real
data\sdfvd2.0\real\real_v45_aug_3.mp4,real_v45_aug_3.mp4,real
data\sdfvd2.0\real\real_v45_aug_4.mp4,real_v45_aug_4.mp4,real
data\sdfvd2.0\real\real_v45_aug_5.mp4,real_v45_aug_5.mp4,real
data\sdfvd2.0\real\real_v45_aug_6.mp4,real_v45_aug_6.mp4,real
data\sdfvd2.0\real\real_v45_aug_7.mp4,real_v45_aug_7.mp4,real
data\sdfvd2.0\real\real_v46_aug_0.mp4,real_v46_aug_0.mp4,real
data\sdfvd2.0\real\real_v46_aug_1.mp4,real_v46_aug_1.mp4,real
data\sdfvd2.0\real\real_v46_aug_2.mp4,real_v46_aug_2.mp4,real
data\sdfvd2.0\real\real_v46_aug_3.mp4,real_v46_aug_3.mp4,real
data\sdfvd2.0\real\real_v46_aug_4.mp4,real_v46_aug_4.mp4,real
data\sdfvd2.0\real\real_v46_aug_5.mp4,real_v46_aug_5.mp4,real
data\sdfvd2.0\real\real_v46_aug_6.mp4,real_v46_aug_6.mp4,real
data\sdfvd2.0\real\real_v46_aug_7.mp4,real_v46_aug_7.mp4,real
data\sdfvd2.0\real\real_v47_aug_0.mp4,real_v47_aug_0.mp4,real
data\sdfvd2.0\real\real_v47_aug_1.mp4,real_v47_aug_1.mp4,real
data\sdfvd2.0\real\real_v47_aug_2.mp4,real_v47_aug_2.mp4,real
data\sdfvd2.0\real\real_v47_aug_3.mp4,real_v47_aug_3.mp4,real
data\sdfvd2.0\real\real_v47_aug_4.mp4,real_v47_aug_4.mp4,real
data\sdfvd2.0\real\real_v47_aug_5.mp4,real_v47_aug_5.mp4,real
data\sdfvd2.0\real\real_v47_aug_6.mp4,real_v47_aug_6.mp4,real
data\sdfvd2.0\real\real_v47_aug_7.mp4,real_v47_aug_7.mp4,real
data\sdfvd2.0\real\real_v48_aug_0.mp4,real_v48_aug_0.mp4,real
data\sdfvd2.0\real\real_v48_aug_1.mp4,real_v48_aug_1.mp4,real
data\sdfvd2.0\real\real_v48_aug_2.mp4,real_v48_aug_2.mp4,real
data\sdfvd2.0\real\real_v48_aug_3.mp4,real_v48_aug_3.mp4,real
data\sdfvd2.0\real\real_v48_aug_4.mp4,real_v48_aug_4.mp4,real
data\sdfvd2.0\real\real_v48_aug_5.mp4,real_v48_aug_5.mp4,real
data\sdfvd2.0\real\real_v48_aug_6.mp4,real_v48_aug_6.mp4,real
data\sdfvd2.0\real\real_v48_aug_7.mp4,real_v48_aug_7.mp4,real
data\sdfvd2.0\real\real_v49_aug_0.mp4,real_v49_aug_0.mp4,real
data\sdfvd2.0\real\real_v49_aug_1.mp4,real_v49_aug_1.mp4,real
data\sdfvd2.0\real\real_v49_aug_2.mp4,real_v49_aug_2.mp4,real
data\sdfvd2.0\real\real_v49_aug_3.mp4,real_v49_aug_3.mp4,real
data\sdfvd2.0\real\real_v49_aug_4.mp4,real_v49_aug_4.mp4,real
data\sdfvd2.0\real\real_v49_aug_5.mp4,real_v49_aug_5.mp4,real
data\sdfvd2.0\real\real_v49_aug_6.mp4,real_v49_aug_6.mp4,real
data\sdfvd2.0\real\real_v49_aug_7.mp4,real_v49_aug_7.mp4,real
data\sdfvd2.0\real\real_v4_aug_0.mp4,real_v4_aug_0.mp4,real
data\sdfvd2.0\real\real_v4_aug_1.mp4,real_v4_aug_1.mp4,real
data\sdfvd2.0\real\real_v4_aug_2.mp4,real_v4_aug_2.mp4,real
data\sdfvd2.0\real\real_v4_aug_3.mp4,real_v4_aug_3.mp4,real
data\sdfvd2.0\real\real_v4_aug_4.mp4,real_v4_aug_4.mp4,real
data\sdfvd2.0\real\real_v4_aug_5.mp4,real_v4_aug_5.mp4,real
data\sdfvd2.0\real\real_v4_aug_6.mp4,real_v4_aug_6.mp4,real
data\sdfvd2.0\real\real_v4_aug_7.mp4,real_v4_aug_7.mp4,real
data\sdfvd2.0\real\real_v50_aug_0.mp4,real_v50_aug_0.mp4,real
data\sdfvd2.0\real\real_v50_aug_1.mp4,real_v50_aug_1.mp4,real
data\sdfvd2.0\real\real_v50_aug_2.mp4,real_v50_aug_2.mp4,real
data\sdfvd2.0\real\real_v50_aug_3.mp4,real_v50_aug_3.mp4,real
data\sdfvd2.0\real\real_v50_aug_4.mp4,real_v50_aug_4.mp4,real
data\sdfvd2.0\real\real_v50_aug_5.mp4,real_v50_aug_5.mp4,real
data\sdfvd2.0\real\real_v50_aug_6.mp4,real_v50_aug_6.mp4,real
data\sdfvd2.0\real\real_v50_aug_7.mp4,real_v50_aug_7.mp4,real
data\sdfvd2.0\real\real_v51_aug_0.mp4,real_v51_aug_0.mp4,real
data\sdfvd2.0\real\real_v51_aug_1.mp4,real_v51_aug_1.mp4,real
data\sdfvd2.0\real\real_v51_aug_2.mp4,real_v51_aug_2.mp4,real
data\sdfvd2.0\real\real_v51_aug_3.mp4,real_v51_aug_3.mp4,real
data\sdfvd2.0\real\real_v51_aug_4.mp4,real_v51_aug_4.mp4,real
data\sdfvd2.0\real\real_v51_aug_5.mp4,real_v51_aug_5.mp4,real
data\sdfvd2.0\real\real_v51_aug_6.mp4,real_v51_aug_6.mp4,real
data\sdfvd2.0\real\real_v51_aug_7.mp4,real_v51_aug_7.mp4,real
data\sdfvd2.0\real\real_v52_aug_0.mp4,real_v52_aug_0.mp4,real
data\sdfvd2.0\real\real_v52_aug_1.mp4,real_v52_aug_1.mp4,real
data\sdfvd2.0\real\real_v52_aug_2.mp4,real_v52_aug_2.mp4,real
data\sdfvd2.0\real\real_v52_aug_3.mp4,real_v52_aug_3.mp4,real
data\sdfvd2.0\real\real_v52_aug_4.mp4,real_v52_aug_4.mp4,real
data\sdfvd2.0\real\real_v52_aug_5.mp4,real_v52_aug_5.mp4,real
data\sdfvd2.0\real\real_v52_aug_6.mp4,real_v52_aug_6.mp4,real
data\sdfvd2.0\real\real_v52_aug_7.mp4,real_v52_aug_7.mp4,real
data\sdfvd2.0\real\real_v53_aug_0.mp4,real_v53_aug_0.mp4,real
data\sdfvd2.0\real\real_v53_aug_1.mp4,real_v53_aug_1.mp4,real
data\sdfvd2.0\real\real_v53_aug_2.mp4,real_v53_aug_2.mp4,real
data\sdfvd2.0\real\real_v53_aug_3.mp4,real_v53_aug_3.mp4,real
data\sdfvd2.0\real\real_v53_aug_4.mp4,real_v53_aug_4.mp4,real
data\sdfvd2.0\real\real_v53_aug_5.mp4,real_v53_aug_5.mp4,real
data\sdfvd2.0\real\real_v53_aug_6.mp4,real_v53_aug_6.mp4,real
data\sdfvd2.0\real\real_v53_aug_7.mp4,real_v53_aug_7.mp4,real
data\sdfvd2.0\real\real_v5_aug_0.mp4,real_v5_aug_0.mp4,real
data\sdfvd2.0\real\real_v5_aug_1.mp4,real_v5_aug_1.mp4,real
data\sdfvd2.0\real\real_v5_aug_2.mp4,real_v5_aug_2.mp4,real
data\sdfvd2.0\real\real_v5_aug_3.mp4,real_v5_aug_3.mp4,real
data\sdfvd2.0\real\real_v5_aug_4.mp4,real_v5_aug_4.mp4,real
data\sdfvd2.0\real\real_v5_aug_5.mp4,real_v5_aug_5.mp4,real
data\sdfvd2.0\real\real_v5_aug_6.mp4,real_v5_aug_6.mp4,real
data\sdfvd2.0\real\real_v5_aug_7.mp4,real_v5_aug_7.mp4,real
data\sdfvd2.0\real\real_v6_aug_0.mp4,real_v6_aug_0.mp4,real
data\sdfvd2.0\real\real_v6_aug_1.mp4,real_v6_aug_1.mp4,real
data\sdfvd2.0\real\real_v6_aug_2.mp4,real_v6_aug_2.mp4,real
data\sdfvd2.0\real\real_v6_aug_3.mp4,real_v6_aug_3.mp4,real
data\sdfvd2.0\real\real_v6_aug_4.mp4,real_v6_aug_4.mp4,real
data\sdfvd2.0\real\real_v6_aug_5.mp4,real_v6_aug_5.mp4,real
data\sdfvd2.0\real\real_v6_aug_6.mp4,real_v6_aug_6.mp4,real
data\sdfvd2.0\real\real_v6_aug_7.mp4,real_v6_aug_7.mp4,real
data\sdfvd2.0\real\real_v7_aug_0.mp4,real_v7_aug_0.mp4,real
data\sdfvd2.0\real\real_v7_aug_1.mp4,real_v7_aug_1.mp4,real
data\sdfvd2.0\real\real_v7_aug_2.mp4,real_v7_aug_2.mp4,real
data\sdfvd2.0\real\real_v7_aug_3.mp4,real_v7_aug_3.mp4,real
data\sdfvd2.0\real\real_v7_aug_4.mp4,real_v7_aug_4.mp4,real
data\sdfvd2.0\real\real_v7_aug_5.mp4,real_v7_aug_5.mp4,real
data\sdfvd2.0\real\real_v7_aug_6.mp4,real_v7_aug_6.mp4,real
data\sdfvd2.0\real\real_v7_aug_7.mp4,real_v7_aug_7.mp4,real
data\sdfvd2.0\real\real_v8_aug_0.mp4,real_v8_aug_0.mp4,real
data\sdfvd2.0\real\real_v8_aug_1.mp4,real_v8_aug_1.mp4,real
data\sdfvd2.0\real\real_v8_aug_2.mp4,real_v8_aug_2.mp4,real
data\sdfvd2.0\real\real_v8_aug_3.mp4,real_v8_aug_3.mp4,real
data\sdfvd2.0\real\real_v8_aug_4.mp4,real_v8_aug_4.mp4,real
data\sdfvd2.0\real\real_v8_aug_5.mp4,real_v8_aug_5.mp4,real
data\sdfvd2.0\real\real_v9_aug_0.mp4,real_v9_aug_0.mp4,real
data\sdfvd2.0\real\real_v9_aug_1.mp4,real_v9_aug_1.mp4,real
data\sdfvd2.0\real\real_v9_aug_2.mp4,real_v9_aug_2.mp4,real
data\sdfvd2.0\real\real_v9_aug_3.mp4,real_v9_aug_3.mp4,real
data\sdfvd2.0\real\real_v9_aug_4.mp4,real_v9_aug_4.mp4,real
data\sdfvd2.0\real\real_v9_aug_5.mp4,real_v9_aug_5.mp4,real
data\sdfvd2.0\real\real_v9_aug_6.mp4,real_v9_aug_6.mp4,real
data\sdfvd2.0\real\real_v9_aug_7.mp4,real_v9_aug_7.mp4,real
data\sdfvd2.0\real\v1.mp4,v1.mp4,real
data\sdfvd2.0\real\v10.mp4,v10.mp4,real
data\sdfvd2.0\real\v11.mp4,v11.mp4,real
data\sdfvd2.0\real\v12.mp4,v12.mp4,real
data\sdfvd2.0\real\v13.mp4,v13.mp4,real
data\sdfvd2.0\real\v14.mp4,v14.mp4,real
data\sdfvd2.0\real\v15.mp4,v15.mp4,real
data\sdfvd2.0\real\v16.mp4,v16.mp4,real
data\sdfvd2.0\real\v17.mp4,v17.mp4,real
data\sdfvd2.0\real\v18.mp4,v18.mp4,real
data\sdfvd2.0\real\v19.mp4,v19.mp4,real
data\sdfvd2.0\real\v2.mp4,v2.mp4,real
data\sdfvd2.0\real\v20.mp4,v20.mp4,real
data\sdfvd2.0\real\v21.mp4,v21.mp4,real
data\sdfvd2.0\real\v22.mp4,v22.mp4,real
data\sdfvd2.0\real\v23.mp4,v23.mp4,real
data\sdfvd2.0\real\v24.mp4,v24.mp4,real
data\sdfvd2.0\real\v25.mp4,v25.mp4,real
data\sdfvd2.0\real\v26.mp4,v26.mp4,real
data\sdfvd2.0\real\v27.mp4,v27.mp4,real
data\sdfvd2.0\real\v28.mp4,v28.mp4,real
data\sdfvd2.0\real\v29.mp4,v29.mp4,real
data\sdfvd2.0\real\v3.mp4,v3.mp4,real
data\sdfvd2.0\real\v30.mp4,v30.mp4,real
data\sdfvd2.0\real\v31.mp4,v31.mp4,real
data\sdfvd2.0\real\v32.mp4,v32.mp4,real
data\sdfvd2.0\real\v33.mp4,v33.mp4,real
data\sdfvd2.0\real\v34.mp4,v34.mp4,real
data\sdfvd2.0\real\v35.mp4,v35.mp4,real
data\sdfvd2.0\real\v36.mp4,v36.mp4,real
data\sdfvd2.0\real\v37.mp4,v37.mp4,real
data\sdfvd2.0\real\v38.mp4,v38.mp4,real
data\sdfvd2.0\real\v39.mp4,v39.mp4,real
data\sdfvd2.0\real\v4.mp4,v4.mp4,real
data\sdfvd2.0\real\v40.mp4,v40.mp4,real
data\sdfvd2.0\real\v41.mp4,v41.mp4,real
data\sdfvd2.0\real\v42.mp4,v42.mp4,real
data\sdfvd2.0\real\v43.mp4,v43.mp4,real
data\sdfvd2.0\real\v44.mp4,v44.mp4,real
data\sdfvd2.0\real\v45.mp4,v45.mp4,real
data\sdfvd2.0\real\v46.mp4,v46.mp4,real
data\sdfvd2.0\real\v47.mp4,v47.mp4,real
data\sdfvd2.0\real\v48.mp4,v48.mp4,real
data\sdfvd2.0\real\v49.mp4,v49.mp4,real
data\sdfvd2.0\real\v5.mp4,v5.mp4,real
data\sdfvd2.0\real\v50.mp4,v50.mp4,real
data\sdfvd2.0\real\v51.mp4,v51.mp4,real
data\sdfvd2.0\real\v52.mp4,v52.mp4,real
data\sdfvd2.0\real\v53.mp4,v53.mp4,real
data\sdfvd2.0\real\v6.mp4,v6.mp4,real
data\sdfvd2.0\real\v7.mp4,v7.mp4,real
data\sdfvd2.0\real\v8.mp4,v8.mp4,real
data\sdfvd2.0\real\v9.mp4,v9.mp4,real
